sample,dual_index,duplicate_count,junction_aa,v_call,j_call,c_call,sequence_aa,sequence,fwr1_aa,cdr1_aa,fwr2_aa,cdr2_aa,fwr3_aa,cdr3_aa,fwr4_aa
IL15_REP_TIL_r,A504-A712,16879,CASAGGTDTQYF,TRBV11-3*01,TRBJ2-3*01,TRBC2,eagvvqsprykiiekkqpvafwcnpISGHNTLYWYLQNLGQGPELLIRYENEEAVDDSQLPKDRFSAERLKGVDSTLKIQPAELGDSAVYLCASAGGTDTQYFGPGTRLTVLEDLKNVF,CTATTTCTGGCCACAATACCCTTTACTGGTACCTGCAGAACTTGGGACAGGGCCCGGAGCTTCTGATTCGATATGAGAATGAGGAAGCAGTAGACGATTCACAGTTGCCTAAGGATCGATTTTCTGCAGAGAGGCTCAAAGGAGTAGACTCCACTCTCAAGATCCAGCCTGCAGAGCTTGGGGACTCGGCCGTGTATCTCTGTGCCAGCGCGGGGGGTACAGATACGCAGTATTTTGGCCCAGGCACCCGGCTGACAGTGCTCGAGGACCTGAAAAACGTGTTCCC,eagvvqsprykiiekkqpvafwcnpI,SGHNT,LYWYLQNLGQGPELLIR,YENEEA,VDDSQLPKDRFSAERLKGVDSTLKIQPAELGDSAVYLC,ASAGGTDTQY,FGPGTRLTVL
IL15_REP_TIL_r,A504-A712,2654,CASSEWSKGLQETQYF,TRBV25-1*01,TRBJ2-5*01,TRBC2,eadiyqtprylvigtgkkitlecsQTMGHDKMYWYQQDPGMELHLIHYSYGVNSTEKGDLSSESTVSRIRTEHFPLTLESARPSHTSQYLCASSEWSKGLQETQYFGPGTRLLVLEDLKNVF,TCAAACCATGGGCCATGACAAAATGTACTGGTATCAACAAGATCCAGGAATGGAACTACACCTCATCCACTATTCCTATGGAGTTAATTCCACAGAGAAGGGAGATCTTTCCTCTGAGTCAACAGTCTCCAGAATAAGGACGGAGCATTTTCCCCTGACCCTGGAGTCTGCCAGGCCCTCACATACCTCTCAGTACCTCTGTGCCAGCAGTGAATGGAGTAAGGGACTTCAAGAGACCCAGTACTTCGGGCCAGGCACGCGGCTCCTGGTGCTCGAGGACCTGAAAAACGTGTTCCC,eadiyqtprylvigtgkkitlecsQT,MGHDK,MYWYQQDPGMELHLIHY,SYGVNS,TEKGDLSSESTVSRIRTEHFPLTLESARPSHTSQYLC,ASSEWSKGLQETQY,FGPGTRLLVL
IL15_REP_TIL_r,A504-A712,235,CASSQEVGSSYEQYF,TRBV14*01,TRBJ2-7*01,TRBC2,eagvtqfpshsviekgqtvtlrcDPISGHDNLYWYRRVMGKEIKFLLHFVKESKQDESGMPNNRFLAERTGGTYSTLKVQPAELEDSGVYFCASSQEVGSSYEQYFGPGTRLTVTEDLKNVF,GTGACCCAATTTCTGGACATGATAATCTTTATTGGTATCGACGTGTTATGGGAAAAGAAATAAAATTTCTGTTACATTTTGTGAAAGAGTCTAAACAGGATGAGTCCGGTATGCCCAACAATCGATTCTTAGCTGAAAGGACTGGAGGGACGTATTCTACTCTGAAGGTGCAGCCTGCAGAACTGGAGGATTCTGGAGTTTATTTCTGTGCCAGCAGCCAAGAGGTCGGCAGTTCCTACGAGCAGTACTTCGGGCCGGGCACCAGGCTCACGGTCACAGAGGACCTGAAAAACGTGTTCCC,eagvtqfpshsviekgqtvtlrcDPI,SGHDN,LYWYRRVMGKEIKFLLH,FVKESK,QDESGMPNNRFLAERTGGTYSTLKVQPAELEDSGVYFC,ASSQEVGSSYEQY,FGPGTRLTVT
IL15_REP_TIL_r,A504-A712,78,CASSQDLGSAYEQYF,TRBV14*01,TRBJ2-7*01,TRBC2,eagvtqfpshsviekgqtvtlrcDPISGHDNLYWYRRVMGKEIKFLLHFVKESKQDESGMPNNRFLAERTGGTYSTLKVQPAELEDSGVYFCASSQDLGSAYEQYFGPGTRLTVTEDLKNVF,GTGACCCAATTTCTGGACATGATAATCTTTATTGGTATCGACGTGTTATGGGAAAAGAAATAAAATTTCTGTTACATTTTGTGAAAGAGTCTAAACAGGATGAGTCCGGTATGCCCAACAATCGATTCTTAGCTGAAAGGACTGGAGGGACGTATTCTACTCTGAAGGTGCAGCCTGCAGAACTGGAGGATTCTGGAGTTTATTTCTGTGCCAGCAGCCAAGATTTGGGGTCGGCGTACGAGCAGTACTTCGGGCCGGGCACCAGGCTCACGGTCACAGAGGACCTGAAAAACGTGTTCCC,eagvtqfpshsviekgqtvtlrcDPI,SGHDN,LYWYRRVMGKEIKFLLH,FVKESK,QDESGMPNNRFLAERTGGTYSTLKVQPAELEDSGVYFC,ASSQDLGSAYEQY,FGPGTRLTVT
IL15_REP_TIL_r,A504-A712,57,CASSLEQTYEQYF,TRBV7-6*01,TRBJ2-7*01,TRBC2,gagvsqsprykvtkrgqdvalrcdPISGHVSLYWYRQALGQGPEFLTYFNYEAQQDKSGLPNDRFSAERPEGSISTLTIQRTEQRDSAMYRCASSLEQTYEQYFGPGTRLTVTEDLKNVF,ATCCAATTTCGGGTCATGTATCCCTTTATTGGTACCGACAGGCCCTGGGGCAGGGCCCAGAGTTTCTGACTTACTTCAATTATGAAGCCCAACAAGACAAATCAGGGCTGCCCAATGATCGGTTCTCTGCAGAGAGGCCTGAGGGATCCATCTCCACTCTGACGATCCAGCGCACAGAGCAGCGGGACTCGGCCATGTATCGCTGTGCCAGCAGCTTAGAACAGACTTACGAGCAGTACTTCGGGCCGGGCACCAGGCTCACGGTCACAGAGGACCTGAAAAACGTGTTCCC,gagvsqsprykvtkrgqdvalrcdPI,SGHVS,LYWYRQALGQGPEFLTY,FNYEAQ,QDKSGLPNDRFSAERPEGSISTLTIQRTEQRDSAMYRC,ASSLEQTYEQY,FGPGTRLTVT
IL15_REP_TIL_r,A504-A712,57,CASSPLAGEYNEQFF,TRBV7-3*01,TRBJ2-1*01,TRBC2,gagvsqtpsnkvtekgkyvelrcdpiSGHTALYWYRQSLGQGPEFLIYFQGTGAADDSGLPNDRFFAVRPEGSVSTLKIQRTERGDSAVYLCASSPLAGEYNEQFFGPGTRLTVLEDLKNVF,TTCAGGTCATACTGCCCTTTACTGGTACCGACAAAGCCTGGGGCAGGGCCCAGAGTTTCTAATTTACTTCCAAGGCACGGGTGCGGCAGATGACTCAGGGCTGCCCAACGATCGGTTCTTTGCAGTCAGGCCTGAGGGATCCGTCTCTACTCTGAAGATCCAGCGCACAGAGCGGGGGGACTCAGCCGTGTATCTCTGTGCCAGCAGCCCACTAGCGGGGGAGTACAATGAGCAGTTCTTCGGGCCAGGGACACGGCTCACCGTGCTAGAGGACCTGAAAAACGTGTTCCC,gagvsqtpsnkvtekgkyvelrcdpi,SGHTA,LYWYRQSLGQGPEFLIY,FQGTGA,ADDSGLPNDRFFAVRPEGSVSTLKIQRTERGDSAVYLC,ASSPLAGEYNEQF,FGPGTRLTVL
IL15_REP_TIL_r,A504-A712,56,CASSQVGTTGEQYF,TRBV14*01,TRBJ2-7*01,TRBC2,eagvtqfpshsviekgqtvtlrcDPISGHDNLYWYRRVMGKEIKFLLHFVKESKQDESGMPNNRFLAERTGGTYSTLKVQPAELEDSGVYFCASSQVGTTGEQYFGPGTRLTVTEDLKNVF,GTGACCCAATTTCTGGACATGATAATCTTTATTGGTATCGACGTGTTATGGGAAAAGAAATAAAATTTCTGTTACATTTTGTGAAAGAGTCTAAACAGGATGAGTCCGGTATGCCCAACAATCGATTCTTAGCTGAAAGGACTGGAGGGACGTATTCTACTCTGAAGGTGCAGCCTGCAGAACTGGAGGATTCTGGAGTTTATTTCTGTGCCAGCAGCCAAGTGGGAACCACGGGCGAGCAGTACTTCGGGCCGGGCACCAGGCTCACGGTCACAGAGGACCTGAAAAACGTGTTCCC,eagvtqfpshsviekgqtvtlrcDPI,SGHDN,LYWYRRVMGKEIKFLLH,FVKESK,QDESGMPNNRFLAERTGGTYSTLKVQPAELEDSGVYFC,ASSQVGTTGEQY,FGPGTRLTVT
IL15_REP_TIL_r,A504-A712,48,CATSEGPSYEQYF,TRBV2*01,TRBJ2-7*01,TRBC2,epevtqtpshqvtqmgqevilrCVPISNHLYFYWYRQILGQKVEFLVSFYNNEISEKSEIFDDQFSVERPDGSNFTLKIRSTKLEDSAMYFCATSEGPSYEQYFGPGTRLTVTEDLKNVF,GCTGTGTCCCCATCTCTAATCACTTATACTTCTATTGGTACAGACAAATCTTGGGGCAGAAAGTCGAGTTTCTGGTTTCCTTTTATAATAATGAAATCTCAGAGAAGTCTGAAATATTCGATGATCAATTCTCAGTTGAAAGGCCTGATGGATCAAATTTCACTCTGAAGATCCGGTCCACAAAGCTGGAGGACTCAGCCATGTACTTCTGTGCCACTTCTGAGGGGCCATCCTACGAGCAGTACTTCGGGCCGGGCACCAGGCTCACGGTCACAGAGGACCTGAAAAACGTGTTCCC,epevtqtpshqvtqmgqevilrCVPI,SNHLY,FYWYRQILGQKVEFLVS,FYNNEI,SEKSEIFDDQFSVERPDGSNFTLKIRSTKLEDSAMYFC,ATSEGPSYEQY,FGPGTRLTVT
IL15_REP_TIL_r,A504-A712,41,CASSLERFQETQYF,TRBV7-2*01,TRBJ2-5*01,TRBC2,gagvsqspsnkvtekgkdvelrcdpiSGHTALYWYRQSLGQGLEFLIYFQGNSAPDKSGLPSDRFSAERTGGSVSTLTIQRTQQEDSAVYLCASSLERFQETQYFGPGTRLLVLEDLKNVF,TTCAGGTCATACTGCCCTTTACTGGTACCGACAGAGCCTGGGGCAGGGCCTGGAGTTTTTAATTTACTTCCAAGGCAACAGTGCACCAGACAAATCAGGGCTGCCCAGTGATCGCTTCTCTGCAGAGAGGACTGGGGGATCCGTCTCCACTCTGACGATCCAGCGCACACAGCAGGAGGACTCGGCCGTGTATCTCTGTGCCAGCAGCTTAGAAAGGTTTCAAGAGACCCAGTACTTCGGGCCAGGCACGCGGCTCCTGGTGCTCGAGGACCTGAAAAACGTGTTCCC,gagvsqspsnkvtekgkdvelrcdpi,SGHTA,LYWYRQSLGQGLEFLIY,FQGNSA,PDKSGLPSDRFSAERTGGSVSTLTIQRTQQEDSAVYLC,ASSLERFQETQY,FGPGTRLLVL
IL15_REP_TIL_r,A504-A712,33,CAWSVSAAYSNQPQHF,TRBV30*01,TRBJ1-5*01,TRBC1,sqtihqwpatlvqpvgsplslecTVEGTSNPNLYWYRQAAGRGLQLLFYSVGIGQISSEVPQNLSASRPQDRQFILSSKKLLLSDSGFYLCAWSVSAAYSNQPQHFGDGTRLSILEDLNKVF,GCACTGTGGAGGGAACATCAAACCCCAACCTATACTGGTACCGACAGGCTGCAGGCAGGGGCCTCCAGCTGCTCTTCTACTCCGTTGGTATTGGCCAGATCAGCTCTGAGGTGCCCCAGAATCTCTCAGCCTCCAGACCCCAGGACCGGCAGTTCATCCTGAGTTCTAAGAAGCTCCTTCTCAGTGACTCTGGCTTCTATCTCTGTGCCTGGAGTGTATCGGCAGCTTATAGCAATCAGCCCCAGCATTTTGGTGATGGGACTCGACTCTCCATCCTAGAGGACCTGAACAAGGTGTTCCC,sqtihqwpatlvqpvgsplslecTVE,GTSNPN,LYWYRQAAGRGLQLLFY,SVGIG,QISSEVPQNLSASRPQDRQFILSSKKLLLSDSGFYLC,AWSVSAAYSNQPQH,FGDGTRLSIL
IL15_REP_TIL_r,A504-A712,33,CASSPLWGGSSYGYTF,TRBV28*01,TRBJ1-2*01,TRBC1,dvkvtqssrylvkrtgekvflecvQDMDHENMFWYRQDPGLGLRLIYFSYDVKMKEKGDIPEGYSVSREKKERFSLILESASTNQTSMYLCASSPLWGGSSYGYTFGSGTRLTVVEDLNKVF,CAGGATATGGACCATGAAAATATGTTCTGGTATCGACAAGACCCAGGTCTGGGGCTACGGCTGATCTATTTCTCATATGATGTTAAAATGAAAGAAAAAGGAGATATTCCTGAGGGGTACAGTGTCTCTAGAGAGAAGAAGGAGCGCTTCTCCCTGATTCTGGAGTCCGCCAGCACCAACCAGACATCTATGTACCTCTGTGCCAGCAGCCCATTATGGGGAGGGTCGAGCTATGGCTACACCTTCGGTTCGGGGACCAGGTTAACCGTTGTAGAGGACCTGAACAAGGTGTTCCC,dvkvtqssrylvkrtgekvflecvQD,MDHEN,MFWYRQDPGLGLRLIYF,SYDVKM,KEKGDIPEGYSVSREKKERFSLILESASTNQTSMYLC,ASSPLWGGSSYGYT,FGSGTRLTVV
IL15_REP_TIL_r,A504-A712,30,CASSLNSGEQYF,TRBV7-3*01,TRBJ2-7*01,TRBC2,gagvsqtpsnkvtekgkyvelrcdpiSGHTALYWYRQSLGQGPEFLIYFQGTGAADDSGLPNDRFFAVRPEGSVSTLKIQRTERGDSAVYLCASSLNSGEQYFGPGTRLTVTEDLKNVF,TTCAGGTCATACTGCCCTTTACTGGTACCGACAAAGCCTGGGGCAGGGCCCAGAGTTTCTAATTTACTTCCAAGGCACGGGTGCGGCAGATGACTCAGGGCTGCCCAACGATCGGTTCTTTGCAGTCAGGCCTGAGGGATCCGTCTCTACTCTGAAGATCCAGCGCACAGAGCGGGGGGACTCAGCCGTGTATCTCTGTGCCAGCAGCTTGAACAGTGGCGAGCAGTACTTCGGGCCGGGCACCAGGCTCACGGTCACAGAGGACCTGAAAAACGTGTTCCC,gagvsqtpsnkvtekgkyvelrcdpi,SGHTA,LYWYRQSLGQGPEFLIY,FQGTGA,ADDSGLPNDRFFAVRPEGSVSTLKIQRTERGDSAVYLC,ASSLNSGEQY,FGPGTRLTVT
IL15_REP_TIL_r,A504-A712,25,CASIGAGGHFDEQFF,TRBV7-9*01,TRBJ2-1*01,TRBC2,dtgvsqnprhkitkrgqnvtfrcdPISEHNRLYWYRQTLGQGPEFLTYFQNEAQLEKSRLLSDRFSAERPKGSFSTLEIQRTEQGDSAMYLCASIGAGGHFDEQFFGPGTRLTVLEDLKNVF,TCCAATTTCTGAACACAACCGCCTTTATTGGTACCGACAGACCCTGGGGCAGGGCCCAGAGTTTCTGACTTACTTCCAGAATGAAGCTCAACTAGAAAAATCAAGGCTGCTCAGTGATCGGTTCTCTGCAGAGAGGCCTAAGGGATCTTTCTCCACCTTGGAGATCCAGCGCACAGAGCAGGGGGACTCGGCCATGTATCTCTGTGCCAGCATCGGAGCGGGGGGGCATTTTGATGAGCAGTTCTTCGGGCCAGGGACACGGCTCACCGTGCTAGAGGACCTGAAAAACGTGTTCCC,dtgvsqnprhkitkrgqnvtfrcdPI,SEHNR,LYWYRQTLGQGPEFLTY,FQNEAQ,LEKSRLLSDRFSAERPKGSFSTLEIQRTEQGDSAMYLC,ASIGAGGHFDEQF,FGPGTRLTVL
IL15_REP_TIL_r,A504-A712,25,CASSLTGDPYGYTF,TRBV27*01,TRBJ1-2*01,TRBC1,eaqvtqnprylitvtgkkltvtcsQNMNHEYMSWYRQDPGLGLRQIYYSMNVEVTDKGDVPEGYKVSRKEKRNFPLILESPSPNQTSLYFCASSLTGDPYGYTFGSGTRLTVVEDLNKVF,CAGAATATGAACCATGAGTATATGTCCTGGTATCGACAAGACCCAGGGCTGGGCTTAAGGCAGATCTACTATTCAATGAATGTTGAGGTGACTGATAAGGGAGATGTTCCTGAAGGGTACAAAGTCTCTCGAAAAGAGAAGAGGAATTTCCCCCTGATCCTGGAGTCGCCCAGCCCCAACCAGACCTCTCTGTACTTCTGTGCCAGCAGTCTCACAGGGGATCCCTATGGCTACACCTTCGGTTCGGGGACCAGGTTAACCGTTGTAGAGGACCTGAACAAGGTGTTCCC,eaqvtqnprylitvtgkkltvtcsQN,MNHEY,MSWYRQDPGLGLRQIYY,SMNVEV,TDKGDVPEGYKVSRKEKRNFPLILESPSPNQTSLYFC,ASSLTGDPYGYT,FGSGTRLTVV
IL15_REP_TIL_r,A504-A712,18,CAASGTSGADTQYF,TRBV30*01,TRBJ2-3*01,TRBC2,sqtihqwpatlvqpvgsplslecTVEGTSNPNLYWYRQAAGRGLQLLFYSVGIGQISSEVPQNLSASRPQDRQFILSSKKLLLSDSGFYLCAASGTSGADTQYFGPGTRLTVLEDLKNVF,GCACTGTGGAGGGAACATCAAACCCCAACCTATACTGGTACCGACAGGCTGCAGGCAGGGGCCTCCAGCTGCTCTTCTACTCCGTTGGTATTGGCCAGATCAGCTCTGAGGTGCCCCAGAATCTCTCAGCCTCCAGACCCCAGGACCGGCAGTTCATCCTGAGTTCTAAGAAGCTCCTTCTCAGTGACTCTGGCTTCTATCTCTGTGCCGCCTCCGGGACTAGCGGGGCAGATACGCAGTATTTTGGCCCAGGCACCCGGCTGACAGTGCTCGAGGACCTGAAAAACGTGTTCCC,sqtihqwpatlvqpvgsplslecTVE,GTSNPN,LYWYRQAAGRGLQLLFY,SVGIG,QISSEVPQNLSASRPQDRQFILSSKKLLLSDSGFYLC,AASGTSGADTQY,FGPGTRLTVL
IL15_REP_TIL_r,A504-A712,16,CASSPPDLDTQYF,TRBV18*01,TRBJ2-3*01,TRBC2,nagvmqnprhlvrrrgqearlrcSPMKGHSHVYWYRQLPEEGLKFMVYLQKENIIDESGMPKERFSAEFPKEGPSILRIQQVVRGDSAAYFCASSPPDLDTQYFGPGTRLTVLEDLKNVF,AGCCCAATGAAAGGACACAGTCATGTTTACTGGTATCGGCAGCTCCCAGAGGAAGGTCTGAAATTCATGGTTTATCTCCAGAAAGAAAATATCATAGATGAGTCAGGAATGCCAAAGGAACGATTTTCTGCTGAATTTCCCAAAGAGGGCCCCAGCATCCTGAGGATCCAGCAGGTAGTGCGAGGAGATTCGGCAGCTTATTTCTGTGCCAGCTCACCCCCAGATTTAGATACGCAGTATTTTGGCCCAGGCACCCGGCTGACAGTGCTCGAGGACCTGAAAAACGTGTTCCC,nagvmqnprhlvrrrgqearlrcSPM,KGHSH,VYWYRQLPEEGLKFMVY,LQKENI,IDESGMPKERFSAEFPKEGPSILRIQQVVRGDSAAYFC,ASSPPDLDTQY,FGPGTRLTVL
IL15_REP_TIL_r,A504-A712,16,CASSPASTVYNEKLFF,TRBV27*01,TRBJ1-4*01,TRBC1,eaqvtqnprylitvtgkkltvtcsQNMNHEYMSWYRQDPGLGLRQIYYSMNVEVTDKGDVPEGYKVSRKEKRNFPLILESPSPNQTSLYFCASSPASTVYNEKLFFGSGTQLSVLEDLNKVF,CAGAATATGAACCATGAGTATATGTCCTGGTATCGACAAGACCCAGGGCTGGGCTTAAGGCAGATCTACTATTCAATGAATGTTGAGGTGACTGATAAGGGAGATGTTCCTGAAGGGTACAAAGTCTCTCGAAAAGAGAAGAGGAATTTCCCCCTGATCCTGGAGTCGCCCAGCCCCAACCAGACCTCTCTGTACTTCTGTGCCAGCAGTCCAGCCTCGACAGTCTATAATGAAAAACTGTTTTTTGGCAGTGGAACCCAGCTCTCTGTCTTGGAGGACCTGAACAAGGTGTTCCC,eaqvtqnprylitvtgkkltvtcsQN,MNHEY,MSWYRQDPGLGLRQIYY,SMNVEV,TDKGDVPEGYKVSRKEKRNFPLILESPSPNQTSLYFC,ASSPASTVYNEKLF,FGSGTQLSVL
IL15_REP_TIL_r,A504-A712,14,CASTQNTPGTYEQYF,TRBV19*01,TRBJ2-7*01,TRBC2,dggitqspkylfrkegqnvtlscEQNLNHDAMYWYRQDPGQGLRLIYYSQIVNDFQKGDIAEGYSVSREKKESFPLTVTSAQKNPTAFYLCASTQNTPGTYEQYFGPGTRLTVTEDLKNVF,GTGAACAGAATTTGAACCACGATGCCATGTACTGGTACCGACAGGACCCAGGGCAAGGGCTGAGATTGATCTACTACTCACAGATAGTAAATGACTTTCAGAAAGGAGATATAGCTGAAGGGTACAGCGTCTCTCGGGAGAAGAAGGAATCCTTTCCTCTCACTGTGACATCGGCCCAAAAGAACCCGACAGCTTTCTATCTCTGTGCCAGTACCCAAAACACCCCGGGAACCTACGAGCAGTACTTCGGGCCGGGCACCAGGCTCACGGTCACAGAGGACCTGAAAAACGTGTTCCC,dggitqspkylfrkegqnvtlscEQN,LNHDA,MYWYRQDPGQGLRLIYY,SQIVND,FQKGDIAEGYSVSREKKESFPLTVTSAQKNPTAFYLC,ASTQNTPGTYEQY,FGPGTRLTVT
IL15_REP_TIL_r,A504-A712,14,CASSDQKGQPQHF,TRBV9*01,TRBJ1-5*01,TRBC1,dsgvtqtpkhlitatgqrvtlrcSPRSGDLSVYWYQQSLDQGLQFLIQYYNGEERAKGNILERFSAQQFPDLHSELNLSSLELGDSALYFCASSDQKGQPQHFGDGTRLSILEDLNKVF,TCCCCTAGGTCTGGAGACCTCTCTGTGTACTGGTACCAACAGAGCCTGGACCAGGGCCTCCAGTTCCTCATTCAGTATTATAATGGAGAAGAGAGAGCAAAAGGAAACATTCTTGAACGATTCTCCGCACAACAGTTCCCTGACTTGCACTCTGAACTAAACCTGAGCTCTCTGGAGCTGGGGGACTCAGCTTTGTATTTCTGTGCCAGCAGTGACCAAAAGGGACAGCCCCAGCATTTTGGTGATGGGACTCGACTCTCCATCCTAGAGGACCTGAACAAGGTGTTCCC,dsgvtqtpkhlitatgqrvtlrcSPR,SGDLS,VYWYQQSLDQGLQFLIQ,YYNGEE,RAKGNILERFSAQQFPDLHSELNLSSLELGDSALYFC,ASSDQKGQPQH,FGDGTRLSIL
IL15_REP_TIL_r,A504-A712,12,CASSFEENTEAFF,TRBV5-6*01,TRBJ1-1*01,TRBC1,dagvtqspthliktrgqqvtLRCSPKSGHDTVSWYQQALGQGPQFIFQYYEEEERQRGNFPDRFSGHQFPNYSSELNVNALLLGDSALYLCASSFEENTEAFFGQGTRLTVVEDLNKVF,TCTGAGATGCTCTCCTAAGTCTGGGCATGACACTGTGTCCTGGTACCAACAGGCCCTGGGTCAGGGGCCCCAGTTTATCTTTCAGTATTATGAGGAGGAAGAGAGACAGAGAGGCAACTTCCCTGATCGATTCTCAGGTCACCAGTTCCCTAACTATAGCTCTGAGCTGAATGTGAACGCCTTGTTGCTGGGGGACTCGGCCCTCTATCTCTGTGCCAGCAGCTTTGAGGAGAACACTGAAGCTTTCTTTGGACAAGGCACCAGACTCACAGTTGTAGAGGACCTGAACAAGGTGTTCCC,dagvtqspthliktrgqqvtLRCSPK,SGHDT,VSWYQQALGQGPQFIFQ,YYEEEE,RQRGNFPDRFSGHQFPNYSSELNVNALLLGDSALYLC,ASSFEENTEAF,FGQGTRLTVV
IL15_REP_TIL_r,A504-A712,11,CASRAWTASNYGYTF,TRBV19*01,TRBJ1-2*01,TRBC1,dggitqspkylfrkegqnvtlscEQNLNHDAMYWYRQDPGQGLRLIYYSQIVNDFQKGDIAEGYSVSREKKESFPLTVTSAQKNPTAFYLCASRAWTASNYGYTFGSGTRLTVVEDLNKVF,GTGAACAGAATTTGAACCACGATGCCATGTACTGGTACCGACAGGACCCAGGGCAAGGGCTGAGATTGATCTACTACTCACAGATAGTAAATGACTTTCAGAAAGGAGATATAGCTGAAGGGTACAGCGTCTCTCGGGAGAAGAAGGAATCCTTTCCTCTCACTGTGACATCGGCCCAAAAGAACCCGACAGCTTTCTATCTCTGTGCCAGTAGGGCATGGACAGCGAGTAACTATGGCTACACCTTCGGTTCGGGGACCAGGTTAACCGTTGTAGAGGACCTGAACAAGGTGTTCCC,dggitqspkylfrkegqnvtlscEQN,LNHDA,MYWYRQDPGQGLRLIYY,SQIVND,FQKGDIAEGYSVSREKKESFPLTVTSAQKNPTAFYLC,ASRAWTASNYGYT,FGSGTRLTVV
IL15_REP_TIL_r,A504-A712,9,CAWIDSFYEQYF,TRBV30*01,TRBJ2-7*01,TRBC2,sqtihqwpatlvqpvgsplslecTVEGTSNPNLYWYRQAAGRGLQLLFYSVGIGQISSEVPQNLSASRPQDRQFILSSKKLLLSDSGFYLCAWIDSFYEQYFGPGTRLTVTEDLKNVF,GCACTGTGGAGGGAACATCAAACCCCAACCTATACTGGTACCGACAGGCTGCAGGCAGGGGCCTCCAGCTGCTCTTCTACTCCGTTGGTATTGGCCAGATCAGCTCTGAGGTGCCCCAGAATCTCTCAGCCTCCAGACCCCAGGACCGGCAGTTCATCCTGAGTTCTAAGAAGCTCCTTCTCAGTGACTCTGGCTTCTATCTCTGTGCCTGGATCGACAGTTTCTACGAGCAGTACTTCGGGCCGGGCACCAGGCTCACGGTCACAGAGGACCTGAAAAACGTGTTCCC,sqtihqwpatlvqpvgsplslecTVE,GTSNPN,LYWYRQAAGRGLQLLFY,SVGIG,QISSEVPQNLSASRPQDRQFILSSKKLLLSDSGFYLC,AWIDSFYEQY,FGPGTRLTVT
IL15_REP_TIL_r,A504-A712,9,CASRPDSTTEAFF,TRBV7-9*01,TRBJ1-1*01,TRBC1,dtgvsqnprhkitkrgqnvtfrcdPISEHNRLYWYRQTLGQGPEFLTYFQNEAQLEKSRLLSDRFSAERPKGSFSTLEIQRTEQGDSAMYLCASRPDSTTEAFFGQGTRLTVVEDLNKVF,TCCAATTTCTGAACACAACCGCCTTTATTGGTACCGACAGACCCTGGGGCAGGGCCCAGAGTTTCTGACTTACTTCCAGAATGAAGCTCAACTAGAAAAATCAAGGCTGCTCAGTGATCGGTTCTCTGCAGAGAGGCCTAAGGGATCTTTCTCCACCTTGGAGATCCAGCGCACAGAGCAGGGGGACTCGGCCATGTATCTCTGTGCCAGCAGACCGGACAGTACCACTGAAGCTTTCTTTGGACAAGGCACCAGACTCACAGTTGTAGAGGACCTGAACAAGGTGTTCCC,dtgvsqnprhkitkrgqnvtfrcdPI,SEHNR,LYWYRQTLGQGPEFLTY,FQNEAQ,LEKSRLLSDRFSAERPKGSFSTLEIQRTEQGDSAMYLC,ASRPDSTTEAF,FGQGTRLTVV
IL15_REP_TIL_r,A504-A712,9,CASSTLTASYEQYF,TRBV19*01,TRBJ2-7*01,TRBC2,dggitqspkylfrkegqnvtlscEQNLNHDAMYWYRQDPGQGLRLIYYSQIVNDFQKGDIAEGYSVSREKKESFPLTVTSAQKNPTAFYLCASSTLTASYEQYFGPGTRLTVTEDLKNVF,GTGAACAGAATTTGAACCACGATGCCATGTACTGGTACCGACAGGACCCAGGGCAAGGGCTGAGATTGATCTACTACTCACAGATAGTAAATGACTTTCAGAAAGGAGATATAGCTGAAGGGTACAGCGTCTCTCGGGAGAAGAAGGAATCCTTTCCTCTCACTGTGACATCGGCCCAAAAGAACCCGACAGCTTTCTATCTCTGTGCCAGTAGTACCCTTACAGCGTCCTACGAGCAGTACTTCGGGCCGGGCACCAGGCTCACGGTCACAGAGGACCTGAAAAACGTGTTCCC,dggitqspkylfrkegqnvtlscEQN,LNHDA,MYWYRQDPGQGLRLIYY,SQIVND,FQKGDIAEGYSVSREKKESFPLTVTSAQKNPTAFYLC,ASSTLTASYEQY,FGPGTRLTVT
IL15_REP_TIL_r,A504-A712,9,CASSLGQSTDTQYF,TRBV5-8*01,TRBJ2-3*01,TRBC2,eagvtqspthliktrgqqatlrcSPISGHTSVYWYQQALGLGLQFLLWYDEGEERNRGNFPPRFSGRQFPNYSSELNVNALELEDSALYLCASSLGQSTDTQYFGPGTRLTVLEDLKNVF,GCTCTCCTATCTCTGGGCACACCAGTGTGTACTGGTACCAACAGGCCCTGGGTCTGGGCCTCCAGTTCCTCCTTTGGTATGACGAGGGTGAAGAGAGAAACAGAGGAAACTTCCCTCCTAGATTTTCAGGTCGCCAGTTCCCTAATTATAGCTCTGAGCTGAATGTGAACGCCTTGGAGCTGGAGGACTCGGCCCTGTATCTCTGTGCCAGCAGCTTGGGACAGAGCACAGATACGCAGTATTTTGGCCCAGGCACCCGGCTGACAGTGCTCGAGGACCTGAAAAACGTGTTCCC,eagvtqspthliktrgqqatlrcSPI,SGHTS,VYWYQQALGLGLQFLLW,YDEGEE,RNRGNFPPRFSGRQFPNYSSELNVNALELEDSALYLC,ASSLGQSTDTQY,FGPGTRLTVL
IL15_REP_TIL_r,A504-A712,8,CASSPKVGGRRTDTQYF,TRBV7-6*01,TRBJ2-3*01,TRBC2,gagvsqsprykvtkrgqdvalrcdPISGHVSLYWYRQALGQGPEFLTYFNYEAQQDKSGLPNDRFSAERPEGSISTLTIQRTEQRDSAMYRCASSPKVGGRRTDTQYFGPGTRLTVLEDLKNVF,ATCCAATTTCGGGTCATGTATCCCTTTATTGGTACCGACAGGCCCTGGGGCAGGGCCCAGAGTTTCTGACTTACTTCAATTATGAAGCCCAACAAGACAAATCAGGGCTGCCCAATGATCGGTTCTCTGCAGAGAGGCCTGAGGGATCCATCTCCACTCTGACGATCCAGCGCACAGAGCAGCGGGACTCGGCCATGTATCGCTGTGCCAGCAGTCCAAAGGTGGGGGGACGCCGCACAGATACGCAGTATTTTGGCCCAGGCACCCGGCTGACAGTGCTCGAGGACCTGAAAAACGTGTTCCC,gagvsqsprykvtkrgqdvalrcdPI,SGHVS,LYWYRQALGQGPEFLTY,FNYEAQ,QDKSGLPNDRFSAERPEGSISTLTIQRTEQRDSAMYRC,ASSPKVGGRRTDTQY,FGPGTRLTVL
IL15_REP_TIL_r,A504-A712,8,CATSPSTGSTDTQYF,TRBV15*02,TRBJ2-3*01,TRBC2,damviqnpryqvtqfgkpvtlscSQTLNHNVMYWYQQKSSQAPKLLFHYYDKDFNNEADTPDNFQSRRPNTSFCFLDIRSPGLGDAAMYLCATSPSTGSTDTQYFGPGTRLTVLEDLKNVF,GTTCTCAGACTTTGAACCATAACGTCATGTACTGGTACCAGCAGAAGTCAAGTCAGGCCCCAAAGCTGCTGTTCCACTACTATGACAAAGATTTTAACAATGAAGCAGACACCCCTGATAACTTCCAATCCAGGAGGCCGAACACTTCTTTCTGCTTTCTTGACATCCGCTCACCAGGCCTGGGGGACGCAGCCATGTACCTGTGTGCCACCAGCCCGTCGACGGGGAGCACAGATACGCAGTATTTTGGCCCAGGCACCCGGCTGACAGTGCTCGAGGACCTGAAAAACGTGTTCCC,damviqnpryqvtqfgkpvtlscSQT,LNHNV,MYWYQQKSSQAPKLLFH,YYDKDF,NNEADTPDNFQSRRPNTSFCFLDIRSPGLGDAAMYLC,ATSPSTGSTDTQY,FGPGTRLTVL
IL15_REP_TIL_r,A504-A712,7,CASSLGQGNTEAFF,TRBV5-1*01,TRBJ1-1*01,TRBC1,kagvtqtpryliktrgqqvtLSCSPISGHRSVSWYQQTPGQGLQFLFEYFSETQRNKGNFPGRFSGRQFSNSRSEMNVSTLELGDSALYLCASSLGQGNTEAFFGQGTRLTVVEDLNKVF,ACTGAGCTGCTCCCCTATCTCTGGGCATAGGAGTGTATCCTGGTACCAACAGACCCCAGGACAGGGCCTTCAGTTCCTCTTTGAATACTTCAGTGAGACACAGAGAAACAAAGGAAACTTCCCTGGTCGATTCTCAGGGCGCCAGTTCTCTAACTCTCGCTCTGAGATGAATGTGAGCACCTTGGAGCTGGGGGACTCGGCCCTTTATCTTTGCGCCAGCAGCTTGGGACAGGGGAACACTGAAGCTTTCTTTGGACAAGGCACCAGACTCACAGTTGTAGAGGACCTGAACAAGGTGTTCCC,kagvtqtpryliktrgqqvtLSCSPI,SGHRS,VSWYQQTPGQGLQFLFE,YFSETQ,RNKGNFPGRFSGRQFSNSRSEMNVSTLELGDSALYLC,ASSLGQGNTEAF,FGQGTRLTVV
IL15_REP_TIL_r,A504-A712,7,CASSLDGEYNEQFF,TRBV7-8*01,TRBJ2-1*01,TRBC2,gagvsqsprykvakrgqdvalrcdPISGHVSLFWYQQALGQGPEFLTYFQNEAQLDKSGLPSDRFFAERPEGSVSTLKIQRTQQEDSAVYLCASSLDGEYNEQFFGPGTRLTVLEDLKNVF,ATCCAATTTCGGGTCATGTATCCCTTTTTTGGTACCAACAGGCCCTGGGGCAGGGGCCAGAGTTTCTGACTTATTTCCAGAATGAAGCTCAACTAGACAAATCGGGGCTGCCCAGTGATCGCTTCTTTGCAGAAAGGCCTGAGGGATCCGTCTCCACTCTGAAGATCCAGCGCACACAGCAGGAGGACTCCGCCGTGTATCTCTGTGCCAGCAGCTTGGACGGGGAATACAATGAGCAGTTCTTCGGGCCAGGGACACGGCTCACCGTGCTAGAGGACCTGAAAAACGTGTTCCC,gagvsqsprykvakrgqdvalrcdPI,SGHVS,LFWYQQALGQGPEFLTY,FQNEAQ,LDKSGLPSDRFFAERPEGSVSTLKIQRTQQEDSAVYLC,ASSLDGEYNEQF,FGPGTRLTVL
IL15_REP_TIL_r,A504-A712,7,CASSWAYNEQFF,TRBV5-4*01,TRBJ2-1*01,TRBC2,etgvtqspthliktrgqqvtLRCSSQSGHNTVSWYQQALGQGPQFIFQYYREEENGRGNFPPRFSGLQFPNYSSELNVNALELDDSALYLCASSWAYNEQFFGPGTRLTVLEDLKNVF,TCTGAGATGCTCTTCTCAGTCTGGGCACAACACTGTGTCCTGGTACCAACAGGCCCTGGGTCAGGGGCCCCAGTTTATCTTTCAGTATTATAGGGAGGAAGAGAATGGCAGAGGAAACTTCCCTCCTAGATTCTCAGGTCTCCAGTTCCCTAATTATAGCTCTGAGCTGAATGTGAACGCCTTGGAGCTGGACGACTCGGCCCTGTATCTCTGTGCCAGCAGCTGGGCCTACAATGAGCAGTTCTTCGGGCCAGGGACACGGCTCACCGTGCTAGAGGACCTGAAAAACGTGTTCCC,etgvtqspthliktrgqqvtLRCSSQ,SGHNT,VSWYQQALGQGPQFIFQ,YYREEE,NGRGNFPPRFSGLQFPNYSSELNVNALELDDSALYLC,ASSWAYNEQF,FGPGTRLTVL
IL15_REP_TIL_r,A504-A712,7,CATSTPGDTQYF,TRBV15*02,TRBJ2-3*01,TRBC2,damviqnpryqvtqfgkpvtlscSQTLNHNVMYWYQQKSSQAPKLLFHYYDKDFNNEADTPDNFQSRRPNTSFCFLDIRSPGLGDAAMYLCATSTPGDTQYFGPGTRLTVLEDLKNVF,GTTCTCAGACTTTGAACCATAACGTCATGTACTGGTACCAGCAGAAGTCAAGTCAGGCCCCAAAGCTGCTGTTCCACTACTATGACAAAGATTTTAACAATGAAGCAGACACCCCTGATAACTTCCAATCCAGGAGGCCGAACACTTCTTTCTGCTTTCTTGACATCCGCTCACCAGGCCTGGGGGACGCAGCCATGTACCTGTGTGCCACCAGCACACCGGGAGATACGCAGTATTTTGGCCCAGGCACCCGGCTGACAGTGCTCGAGGACCTGAAAAACGTGTTCCC,damviqnpryqvtqfgkpvtlscSQT,LNHNV,MYWYQQKSSQAPKLLFH,YYDKDF,NNEADTPDNFQSRRPNTSFCFLDIRSPGLGDAAMYLC,ATSTPGDTQY,FGPGTRLTVL
IL15_REP_TIL_r,A504-A712,7,CATSRGGGWNEQYF,TRBV15*02,TRBJ2-7*01,TRBC2,damviqnpryqvtqfgkpvtlscSQTLNHNVMYWYQQKSSQAPKLLFHYYDKDFNNEADTPDNFQSRRPNTSFCFLDIRSPGLGDAAMYLCATSRGGGWNEQYFGPGTRLTVTEDLKNVF,GTTCTCAGACTTTGAACCATAACGTCATGTACTGGTACCAGCAGAAGTCAAGTCAGGCCCCAAAGCTGCTGTTCCACTACTATGACAAAGATTTTAACAATGAAGCAGACACCCCTGATAACTTCCAATCCAGGAGGCCGAACACTTCTTTCTGCTTTCTTGACATCCGCTCACCAGGCCTGGGGGACGCAGCCATGTACCTGTGTGCCACCAGCAGAGGGGGAGGGTGGAACGAGCAGTACTTCGGGCCGGGCACCAGGCTCACGGTCACAGAGGACCTGAAAAACGTGTTCCC,damviqnpryqvtqfgkpvtlscSQT,LNHNV,MYWYQQKSSQAPKLLFH,YYDKDF,NNEADTPDNFQSRRPNTSFCFLDIRSPGLGDAAMYLC,ATSRGGGWNEQY,FGPGTRLTVT
IL15_REP_TIL_r,A504-A712,6,CASSFTGANQPQHF,TRBV11-1*01,TRBJ1-5*01,TRBC1,eaevaqsprykiteksqavafwcDPISGHATLYWYRQILGQGPELLVQFQDESVVDDSQLPKDRFSAERLKGVDSTLKIQPAELGDSAMYLCASSFTGANQPQHFGDGTRLSILEDLNKVF,GATCCTATTTCTGGCCATGCTACCCTTTACTGGTACCGGCAGATCCTGGGACAGGGCCCGGAGCTTCTGGTTCAATTTCAGGATGAGAGTGTAGTAGATGATTCACAGTTGCCTAAGGATCGATTTTCTGCAGAGAGGCTCAAAGGAGTAGACTCCACTCTCAAGATCCAGCCTGCAGAGCTTGGGGACTCGGCCATGTATCTCTGTGCCAGCAGCTTCACAGGGGCCAATCAGCCCCAGCATTTTGGTGATGGGACTCGACTCTCCATCCTAGAGGACCTGAACAAGGTGTTCCC,eaevaqsprykiteksqavafwcDPI,SGHAT,LYWYRQILGQGPELLVQ,FQDESV,VDDSQLPKDRFSAERLKGVDSTLKIQPAELGDSAMYLC,ASSFTGANQPQH,FGDGTRLSIL
IL15_REP_TIL_r,A504-A712,6,CASSFGTGYGYTF,TRBV7-9*01,TRBJ1-2*01,TRBC1,dtgvsqnprhkitkrgqnvtfrcdPISEHNRLYWYRQTLGQGPEFLTYFQNEAQLEKSRLLSDRFSAERPKGSFSTLEIQRTEQGDSAMYLCASSFGTGYGYTFGSGTRLTVVEDLNKVF,TCCAATTTCTGAACACAACCGCCTTTATTGGTACCGACAGACCCTGGGGCAGGGCCCAGAGTTTCTGACTTACTTCCAGAATGAAGCTCAACTAGAAAAATCAAGGCTGCTCAGTGATCGGTTCTCTGCAGAGAGGCCTAAGGGATCTTTCTCCACCTTGGAGATCCAGCGCACAGAGCAGGGGGACTCGGCCATGTATCTCTGTGCCAGCAGCTTCGGGACGGGATATGGCTACACCTTCGGTTCGGGGACCAGGTTAACCGTTGTAGAGGACCTGAACAAGGTGTTCCC,dtgvsqnprhkitkrgqnvtfrcdPI,SEHNR,LYWYRQTLGQGPEFLTY,FQNEAQ,LEKSRLLSDRFSAERPKGSFSTLEIQRTEQGDSAMYLC,ASSFGTGYGYT,FGSGTRLTVV
IL15_REP_TIL_r,A504-A712,6,CATSDPGTGDSYNSPLHF,TRBV24-1*01,TRBJ1-6*02,TRBC1,dadvtqtprnritktgkrimlecSQTKGHDRMYWYRQDPGLGLRLIYYSFDVKDINKGEISDGYSVSRQAQAKFSLSLESAIPNQTALYFCATSDPGTGDSYNSPLHFGNGTRLTVTEDLNKVF,TCTCAGACTAAGGGTCATGATAGAATGTACTGGTATCGACAAGACCCAGGACTGGGCCTACGGTTGATCTATTACTCCTTTGATGTCAAAGATATAAACAAAGGAGAGATCTCTGATGGATACAGTGTCTCTCGACAGGCACAGGCTAAATTCTCCCTGTCCCTAGAGTCTGCCATCCCCAACCAGACAGCTCTTTACTTCTGTGCCACCAGTGACCCCGGGACAGGGGACTCCTATAATTCACCCCTCCACTTTGGGAACGGGACCAGGCTCACTGTGACAGAGGACCTGAACAAGGTGTTCCC,dadvtqtprnritktgkrimlecSQT,KGHDR,MYWYRQDPGLGLRLIYY,SFDVKD,INKGEISDGYSVSRQAQAKFSLSLESAIPNQTALYFC,ATSDPGTGDSYNSPLH,FGNGTRLTVT
IL15_REP_TIL_r,A504-A712,6,CASSLVTYNEQFF,TRBV28*01,TRBJ2-1*01,TRBC2,dvkvtqssrylvkrtgekvflecvQDMDHENMFWYRQDPGLGLRLIYFSYDVKMKEKGDIPEGYSVSREKKERFSLILESASTNQTSMYLCASSLVTYNEQFFGPGTRLTVLEDLKNVF,CAGGATATGGACCATGAAAATATGTTCTGGTATCGACAAGACCCAGGTCTGGGGCTACGGCTGATCTATTTCTCATATGATGTTAAAATGAAAGAAAAAGGAGATATTCCTGAGGGGTACAGTGTCTCTAGAGAGAAGAAGGAGCGCTTCTCCCTGATTCTGGAGTCCGCCAGCACCAACCAGACATCTATGTACCTCTGTGCCAGCAGTTTGGTAACCTACAATGAGCAGTTCTTCGGGCCAGGGACACGGCTCACCGTGCTAGAGGACCTGAAAAACGTGTTCCC,dvkvtqssrylvkrtgekvflecvQD,MDHEN,MFWYRQDPGLGLRLIYF,SYDVKM,KEKGDIPEGYSVSREKKERFSLILESASTNQTSMYLC,ASSLVTYNEQF,FGPGTRLTVL
IL15_REP_TIL_r,A504-A712,6,CASSPGGGYEQYF,TRBV7-2*01,TRBJ2-7*01,TRBC2,gagvsqspsnkvtekgkdvelrcdpiSGHTALYWYRQSLGQGLEFLIYFQGNSAPDKSGLPSDRFSAERTGGSVSTLTIQRTQQEDSAVYLCASSPGGGYEQYFGPGTRLTVTEDLKNVF,TTCAGGTCATACTGCCCTTTACTGGTACCGACAGAGCCTGGGGCAGGGCCTGGAGTTTTTAATTTACTTCCAAGGCAACAGTGCACCAGACAAATCAGGGCTGCCCAGTGATCGCTTCTCTGCAGAGAGGACTGGGGGATCCGTCTCCACTCTGACGATCCAGCGCACACAGCAGGAGGACTCGGCCGTGTATCTCTGTGCCAGCAGCCCAGGGGGTGGCTACGAGCAGTACTTCGGGCCGGGCACCAGGCTCACGGTCACAGAGGACCTGAAAAACGTGTTCCC,gagvsqspsnkvtekgkdvelrcdpi,SGHTA,LYWYRQSLGQGLEFLIY,FQGNSA,PDKSGLPSDRFSAERTGGSVSTLTIQRTQQEDSAVYLC,ASSPGGGYEQY,FGPGTRLTVT
IL15_REP_TIL_r,A504-A712,5,CASSLDGDTGGAWETQYF,TRBV7-6*01,TRBJ2-5*01,TRBC2,gagvsqsprykvtkrgqdvalrcdPISGHVSLYWYRQALGQGPEFLTYFNYEAQQDKSGLPNDRFSAERPEGSISTLTIQRTEQRDSAMYRCASSLDGDTGGAWETQYFGPGTRLLVLEDLKNVF,ATCCAATTTCGGGTCATGTATCCCTTTATTGGTACCGACAGGCCCTGGGGCAGGGCCCAGAGTTTCTGACTTACTTCAATTATGAAGCCCAACAAGACAAATCAGGGCTGCCCAATGATCGGTTCTCTGCAGAGAGGCCTGAGGGATCCATCTCCACTCTGACGATCCAGCGCACAGAGCAGCGGGACTCGGCCATGTATCGCTGTGCCAGCAGCTTAGATGGGGATACCGGGGGGGCCTGGGAGACCCAGTACTTCGGGCCAGGCACGCGGCTCCTGGTGCTCGAGGACCTGAAAAACGTGTTCCC,gagvsqsprykvtkrgqdvalrcdPI,SGHVS,LYWYRQALGQGPEFLTY,FNYEAQ,QDKSGLPNDRFSAERPEGSISTLTIQRTEQRDSAMYRC,ASSLDGDTGGAWETQY,FGPGTRLLVL
IL15_REP_TIL_r,A504-A712,5,CANTEAGTYEQYF,TRBV2*01,TRBJ2-7*01,TRBC2,epevtqtpshqvtqmgqevilrCVPISNHLYFYWYRQILGQKVEFLVSFYNNEISEKSEIFDDQFSVERPDGSNFTLKIRSTKLEDSAMYFCANTEAGTYEQYFGPGTRLTVTEDLKNVF,GCTGTGTCCCCATCTCTAATCACTTATACTTCTATTGGTACAGACAAATCTTGGGGCAGAAAGTCGAGTTTCTGGTTTCCTTTTATAATAATGAAATCTCAGAGAAGTCTGAAATATTCGATGATCAATTCTCAGTTGAAAGGCCTGATGGATCAAATTTCACTCTGAAGATCCGGTCCACAAAGCTGGAGGACTCAGCCATGTACTTCTGTGCCAACACTGAAGCGGGGACCTACGAGCAGTACTTCGGGCCGGGCACCAGGCTCACGGTCACAGAGGACCTGAAAAACGTGTTCCC,epevtqtpshqvtqmgqevilrCVPI,SNHLY,FYWYRQILGQKVEFLVS,FYNNEI,SEKSEIFDDQFSVERPDGSNFTLKIRSTKLEDSAMYFC,ANTEAGTYEQY,FGPGTRLTVT
IL15_REP_TIL_r,A504-A712,5,CASLQTGGGEQYF,TRBV6-2*01,TRBJ2-7*01,TRBC2,nagvtqtpkfrvlktgqsmtllCAQDMNHEYMYWYRQDPGMGLRLIHYSVGEGTTAKGEVPDGYNVSRLKKQNFLLGLESAAPSQTSVYFCASLQTGGGEQYFGPGTRLTVTEDLKNVF,TGTGTGCCCAGGATATGAACCATGAATACATGTACTGGTATCGACAAGACCCAGGCATGGGGCTGAGGCTGATTCATTACTCAGTTGGTGAGGGTACAACTGCCAAAGGAGAGGTCCCTGATGGCTACAATGTCTCCAGATTAAAAAAACAGAATTTCCTGCTGGGGTTGGAGTCGGCTGCTCCCTCCCAAACATCTGTGTACTTCTGTGCCAGCCTCCAAACAGGGGGCGGCGAGCAGTACTTCGGGCCGGGCACCAGGCTCACGGTCACAGAGGACCTGAAAAACGTGTTCCC,nagvtqtpkfrvlktgqsmtllCAQD,MNHEY,MYWYRQDPGMGLRLIHY,SVGEGT,TAKGEVPDGYNVSRLKKQNFLLGLESAAPSQTSVYFC,ASLQTGGGEQY,FGPGTRLTVT
IL15_REP_TIL_r,A504-A712,5,CASSPDSADEQFF,TRBV4-3*01,TRBJ2-1*01,TRBC2,etgvtqtprhlvmgmtnkkslkceqhLGHNAMYWYKQSAKKPLELMFVYSLEERVENNSVPSRFSPECPNSSHLFLHLHTLQPEDSALYLCASSPDSADEQFFGPGTRLTVLEDLKNVF,ATCTGGGTCATAACGCTATGTATTGGTACAAGCAAAGTGCTAAGAAGCCACTGGAGCTCATGTTTGTCTACAGTCTTGAAGAACGGGTTGAAAACAACAGTGTGCCAAGTCGCTTCTCACCTGAATGCCCCAACAGCTCTCACTTATTCCTTCACCTACACACCCTGCAGCCAGAAGACTCGGCCCTGTATCTCTGCGCCAGCAGCCCCGACAGTGCCGATGAGCAGTTCTTCGGGCCAGGGACACGGCTCACCGTGCTAGAGGACCTGAAAAACGTGTTCCC,etgvtqtprhlvmgmtnkkslkceqh,LGHNA,MYWYKQSAKKPLELMFV,YSLEER,VENNSVPSRFSPECPNSSHLFLHLHTLQPEDSALYLC,ASSPDSADEQF,FGPGTRLTVL
IL15_REP_TIL_r,A504-A712,5,CASSEVNVGADTQYF,TRBV2*01,TRBJ2-3*01,TRBC2,epevtqtpshqvtqmgqevilrCVPISNHLYFYWYRQILGQKVEFLVSFYNNEISEKSEIFDDQFSVERPDGSNFTLKIRSTKLEDSAMYFCASSEVNVGADTQYFGPGTRLTVLEDLKNVF,GCTGTGTCCCCATCTCTAATCACTTATACTTCTATTGGTACAGACAAATCTTGGGGCAGAAAGTCGAGTTTCTGGTTTCCTTTTATAATAATGAAATCTCAGAGAAGTCTGAAATATTCGATGATCAATTCTCAGTTGAAAGGCCTGATGGATCAAATTTCACTCTGAAGATCCGGTCCACAAAGCTGGAGGACTCAGCCATGTACTTCTGTGCCAGCAGTGAAGTGAATGTCGGGGCAGATACGCAGTATTTTGGCCCAGGCACCCGGCTGACAGTGCTCGAGGACCTGAAAAACGTGTTCCC,epevtqtpshqvtqmgqevilrCVPI,SNHLY,FYWYRQILGQKVEFLVS,FYNNEI,SEKSEIFDDQFSVERPDGSNFTLKIRSTKLEDSAMYFC,ASSEVNVGADTQY,FGPGTRLTVL
IL15_REP_TIL_r,A504-A712,5,CSVYYTEAFF,TRBV29-1*01,TRBJ1-1*01,TRBC1,savisqkpsrdicqrgtsltIQCQVDSQVTMMFWYRQQPGQSLTLIATANQGSEATYESGFVIDKFPISRPNLTFSTLTVSNMSPEDSSIYLCSVYYTEAFFGQGTRLTVVEDLNKVF,CGATCCAGTGTCAAGTCGATAGCCAAGTCACCATGATGTTCTGGTACCGTCAGCAACCTGGACAGAGCCTGACACTGATCGCAACTGCAAATCAGGGCTCTGAGGCCACATATGAGAGTGGATTTGTCATTGACAAGTTTCCCATCAGCCGCCCAAACCTAACATTCTCAACTCTGACTGTGAGCAACATGAGCCCTGAAGACAGCAGCATATATCTCTGCAGCGTCTATTACACTGAAGCTTTCTTTGGACAAGGCACCAGACTCACAGTTGTAGAGGACCTGAACAAGGTGTTCCC,savisqkpsrdicqrgtsltIQCQVD,SQVTM,MFWYRQQPGQSLTLIAT,ANQGSEA,TYESGFVIDKFPISRPNLTFSTLTVSNMSPEDSSIYLC,SVYYTEAF,FGQGTRLTVV
IL15_REP_TIL_r,A504-A712,5,CASSTRTSGGVRTDTQYF,TRBV7-6*01,TRBJ2-3*01,TRBC2,gagvsqsprykvtkrgqdvalrcdPISGHVSLYWYRQALGQGPEFLTYFNYEAQQDKSGLPNDRFSAERPEGSISTLTIQRTEQRDSAMYRCASSTRTSGGVRTDTQYFGPGTRLTVLEDLKNVF,ATCCAATTTCGGGTCATGTATCCCTTTATTGGTACCGACAGGCCCTGGGGCAGGGCCCAGAGTTTCTGACTTACTTCAATTATGAAGCCCAACAAGACAAATCAGGGCTGCCCAATGATCGGTTCTCTGCAGAGAGGCCTGAGGGATCCATCTCCACTCTGACGATCCAGCGCACAGAGCAGCGGGACTCGGCCATGTATCGCTGTGCCAGCAGCACCAGGACTAGCGGGGGGGTACGGACAGATACGCAGTATTTTGGCCCAGGCACCCGGCTGACAGTGCTCGAGGACCTGAAAAACGTGTTCCC,gagvsqsprykvtkrgqdvalrcdPI,SGHVS,LYWYRQALGQGPEFLTY,FNYEAQ,QDKSGLPNDRFSAERPEGSISTLTIQRTEQRDSAMYRC,ASSTRTSGGVRTDTQY,FGPGTRLTVL
IL15_REP_TIL_r,A504-A712,4,CASSAPGTSAYNEQFF,TRBV9*01,TRBJ2-1*01,TRBC2,dsgvtqtpkhlitatgqrvtlrcSPRSGDLSVYWYQQSLDQGLQFLIQYYNGEERAKGNILERFSAQQFPDLHSELNLSSLELGDSALYFCASSAPGTSAYNEQFFGPGTRLTVLEDLKNVF,TCCCCTAGGTCTGGAGACCTCTCTGTGTACTGGTACCAACAGAGCCTGGACCAGGGCCTCCAGTTCCTCATTCAGTATTATAATGGAGAAGAGAGAGCAAAAGGAAACATTCTTGAACGATTCTCCGCACAACAGTTCCCTGACTTGCACTCTGAACTAAACCTGAGCTCTCTGGAGCTGGGGGACTCAGCTTTGTATTTCTGTGCCAGCAGCGCCCCCGGGACTAGCGCCTACAATGAGCAGTTCTTCGGGCCAGGGACACGGCTCACCGTGCTAGAGGACCTGAAAAACGTGTTCCC,dsgvtqtpkhlitatgqrvtlrcSPR,SGDLS,VYWYQQSLDQGLQFLIQ,YYNGEE,RAKGNILERFSAQQFPDLHSELNLSSLELGDSALYFC,ASSAPGTSAYNEQF,FGPGTRLTVL
IL15_REP_TIL_r,A504-A712,4,CASTDRTGEAFF,TRBV9*01,TRBJ1-1*01,TRBC1,dsgvtqtpkhlitatgqrvtlrcSPRSGDLSVYWYQQSLDQGLQFLIQYYNGEERAKGNILERFSAQQFPDLHSELNLSSLELGDSALYFCASTDRTGEAFFGQGTRLTVVEDLNKVF,TCCCCTAGGTCTGGAGACCTCTCTGTGTACTGGTACCAACAGAGCCTGGACCAGGGCCTCCAGTTCCTCATTCAGTATTATAATGGAGAAGAGAGAGCAAAAGGAAACATTCTTGAACGATTCTCCGCACAACAGTTCCCTGACTTGCACTCTGAACTAAACCTGAGCTCTCTGGAGCTGGGGGACTCAGCTTTGTATTTCTGTGCCAGCACAGACAGGACCGGTGAAGCTTTCTTTGGACAAGGCACCAGACTCACAGTTGTAGAGGACCTGAACAAGGTGTTCCC,dsgvtqtpkhlitatgqrvtlrcSPR,SGDLS,VYWYQQSLDQGLQFLIQ,YYNGEE,RAKGNILERFSAQQFPDLHSELNLSSLELGDSALYFC,ASTDRTGEAF,FGQGTRLTVV
IL15_REP_TIL_r,A504-A712,4,CASSLTSAAGELFF,TRBV28*01,TRBJ2-2*01,TRBC2,dvkvtqssrylvkrtgekvflecvQDMDHENMFWYRQDPGLGLRLIYFSYDVKMKEKGDIPEGYSVSREKKERFSLILESASTNQTSMYLCASSLTSAAGELFFGEGSRLTVLEDLKNVF,CAGGATATGGACCATGAAAATATGTTCTGGTATCGACAAGACCCAGGTCTGGGGCTACGGCTGATCTATTTCTCATATGATGTTAAAATGAAAGAAAAAGGAGATATTCCTGAGGGGTACAGTGTCTCTAGAGAGAAGAAGGAGCGCTTCTCCCTGATTCTGGAGTCCGCCAGCACCAACCAGACATCTATGTACCTCTGTGCCAGCAGTCTCACTAGCGCGGCCGGGGAGCTGTTTTTTGGAGAAGGCTCTAGGCTGACCGTACTGGAGGACCTGAAAAACGTGTTCCC,dvkvtqssrylvkrtgekvflecvQD,MDHEN,MFWYRQDPGLGLRLIYF,SYDVKM,KEKGDIPEGYSVSREKKERFSLILESASTNQTSMYLC,ASSLTSAAGELF,FGEGSRLTVL
IL15_REP_TIL_r,A504-A712,4,CASGGGEAGFSPLHF,TRBV9*01,TRBJ1-6*02,TRBC1,dsgvtqtpkhlitatgqrvtlrcSPRSGDLSVYWYQQSLDQGLQFLIQYYNGEERAKGNILERFSAQQFPDLHSELNLSSLELGDSALYFCASGGGEAGFSPLHFGNGTRLTVTEDLNKVF,TCCCCTAGGTCTGGAGACCTCTCTGTGTACTGGTACCAACAGAGCCTGGACCAGGGCCTCCAGTTCCTCATTCAGTATTATAATGGAGAAGAGAGAGCAAAAGGAAACATTCTTGAACGATTCTCCGCACAACAGTTCCCTGACTTGCACTCTGAACTAAACCTGAGCTCTCTGGAGCTGGGGGACTCAGCTTTGTATTTCTGTGCCAGCGGAGGCGGGGAGGCCGGGTTTTCACCCCTCCACTTTGGGAACGGGACCAGGCTCACTGTGACAGAGGACCTGAACAAGGTGTTCCC,dsgvtqtpkhlitatgqrvtlrcSPR,SGDLS,VYWYQQSLDQGLQFLIQ,YYNGEE,RAKGNILERFSAQQFPDLHSELNLSSLELGDSALYFC,ASGGGEAGFSPLH,FGNGTRLTVT
IL15_REP_TIL_r,A504-A712,4,CSGGRLAGDQETQYF,TRBV20-1*01,TRBJ2-5*01,TRBC2,gavvsqhpswvicksgtsvkiecRSLDFQATTMFWYRQFPKQSLMLMATSNEGSKATYEQGVEKDKFLINHASLTLSTLTVTSAHPEDSSFYICSGGRLAGDQETQYFGPGTRLLVLEDLKNVF,GCCGTTCCCTGGACTTTCAGGCCACAACTATGTTTTGGTATCGTCAGTTCCCGAAACAGAGTCTCATGCTGATGGCAACTTCCAATGAGGGCTCCAAGGCCACATACGAGCAAGGCGTCGAGAAGGACAAGTTTCTCATCAACCATGCAAGCCTGACCTTGTCCACTCTGACAGTGACCAGTGCCCATCCTGAAGACAGCAGCTTCTACATCTGCAGTGGGGGGAGGTTAGCGGGGGACCAAGAGACCCAGTACTTCGGGCCAGGCACGCGGCTCCTGGTGCTCGAGGACCTGAAAAACGTGTTCCC,gavvsqhpswvicksgtsvkiecRSL,DFQATT,MFWYRQFPKQSLMLMAT,SNEGSKA,TYEQGVEKDKFLINHASLTLSTLTVTSAHPEDSSFYIC,SGGRLAGDQETQY,FGPGTRLLVL
IL15_REP_TIL_r,A504-A712,4,CASRAGGPYNEQFF,TRBV6-5*01,TRBJ2-1*01,TRBC2,nagvtqtpkfqvlktgqsmtlqCAQDMNHEYMSWYRQDPGMGLRLIHYSVGAGITDQGEVPNGYNVSRSTTEDFPLRLLSAAPSQTSVYFCASRAGGPYNEQFFGPGTRLTVLEDLKNVF,AGTGTGCCCAGGATATGAACCATGAATACATGTCCTGGTATCGACAAGACCCAGGCATGGGGCTGAGGCTGATTCATTACTCAGTTGGTGCTGGTATCACTGACCAAGGAGAAGTCCCCAATGGCTACAATGTCTCCAGATCAACCACAGAGGATTTCCCGCTCAGGCTGCTGTCGGCTGCTCCCTCCCAGACATCTGTGTACTTCTGTGCCAGCAGGGCGGGGGGGCCATACAATGAGCAGTTCTTCGGGCCAGGGACACGGCTCACCGTGCTAGAGGACCTGAAAAACGTGTTCCC,nagvtqtpkfqvlktgqsmtlqCAQD,MNHEY,MSWYRQDPGMGLRLIHY,SVGAGI,TDQGEVPNGYNVSRSTTEDFPLRLLSAAPSQTSVYFC,ASRAGGPYNEQF,FGPGTRLTVL
IL15_REP_TIL_r,A504-A712,4,CASSLPSPGTYGGYTF,TRBV7-2*01,TRBJ1-2*01,TRBC1,gagvsqspsnkvtekgkdvelrcdpiSGHTALYWYRQSLGQGLEFLIYFQGNSAPDKSGLPSDRFSAERTGGSVSTLTIQRTQQEDSAVYLCASSLPSPGTYGGYTFGSGTRLTVVEDLNKVF,TTCAGGTCATACTGCCCTTTACTGGTACCGACAGAGCCTGGGGCAGGGCCTGGAGTTTTTAATTTACTTCCAAGGCAACAGTGCACCAGACAAATCAGGGCTGCCCAGTGATCGCTTCTCTGCAGAGAGGACTGGGGGATCCGTCTCCACTCTGACGATCCAGCGCACACAGCAGGAGGACTCGGCCGTGTATCTCTGTGCCAGCAGCTTACCGTCCCCTGGGACCTATGGAGGCTACACCTTCGGTTCGGGGACCAGGTTAACCGTTGTAGAGGACCTGAACAAGGTGTTCCC,gagvsqspsnkvtekgkdvelrcdpi,SGHTA,LYWYRQSLGQGLEFLIY,FQGNSA,PDKSGLPSDRFSAERTGGSVSTLTIQRTQQEDSAVYLC,ASSLPSPGTYGGYT,FGSGTRLTVV
IL15_REP_TIL_r,A504-A712,4,CASSLTGDPYGYTF,TRBV27*01,TRBJ1-2*01,TRBC1,eaqvtqnprylitvtgkkltvtcsQNMNHEYMSWYRQDPGLGLRQIYYSMNVEVTDKGDVPEGYKVSRKEKRNFPLILESPSPNQTPLYFCASSLTGDPYGYTFGSGTRLTVVEDLNKVF,CAGAATATGAACCATGAGTATATGTCCTGGTATCGACAAGACCCAGGGCTGGGCTTAAGGCAGATCTACTATTCAATGAATGTTGAGGTGACTGATAAGGGAGATGTTCCTGAAGGGTACAAAGTCTCTCGAAAAGAGAAGAGGAATTTCCCCCTGATCCTGGAGTCGCCCAGCCCCAACCAGACCCCTCTGTACTTCTGTGCCAGCAGTCTCACAGGGGATCCCTATGGCTACACCTTCGGTTCGGGGACCAGGTTAACCGTTGTAGAGGACCTGAACAAGGTGTTCCC,eaqvtqnprylitvtgkkltvtcsQN,MNHEY,MSWYRQDPGLGLRQIYY,SMNVEV,TDKGDVPEGYKVSRKEKRNFPLILESPSPNQTPLYFC,ASSLTGDPYGYT,FGSGTRLTVV
IL15_REP_TIL_r,A504-A712,4,CASSGLGIEKLFF,TRBV28*01,TRBJ1-4*01,TRBC1,dvkvtqssrylvkrtgekvflecvQDMDHENMFWYRQDPGLGLRLIYFSYDVKMKEKGDIPEGYSVSREKKERFSLILESASTNQTSMYLCASSGLGIEKLFFGSGTQLSVLEDLNKVF,CAGGATATGGACCATGAAAATATGTTCTGGTATCGACAAGACCCAGGTCTGGGGCTACGGCTGATCTATTTCTCATATGATGTTAAAATGAAAGAAAAAGGAGATATTCCTGAGGGGTACAGTGTCTCTAGAGAGAAGAAGGAGCGCTTCTCCCTGATTCTGGAGTCCGCCAGCACCAACCAGACATCTATGTACCTCTGTGCCAGCAGTGGGCTAGGGATAGAAAAACTGTTTTTTGGCAGTGGAACCCAGCTCTCTGTCTTGGAGGACCTGAACAAGGTGTTCCC,dvkvtqssrylvkrtgekvflecvQD,MDHEN,MFWYRQDPGLGLRLIYF,SYDVKM,KEKGDIPEGYSVSREKKERFSLILESASTNQTSMYLC,ASSGLGIEKLF,FGSGTQLSVL
IL15_REP_TIL_r,A504-A712,4,CASSFMGGTYEQYF,TRBV11-2*03,TRBJ2-7*01,TRBC2,eagvaqsprykiiekrqsvafwcnpISGHATLYWYQQILGQGPKLLIQFQNNGVVDDSQLPKDRFSAERLKGVDSTLKIQPAKLEDSAVYLCASSFMGGTYEQYFGPGTRLTVTEDLKNVF,CTATATCTGGCCATGCTACCCTTTACTGGTACCAGCAGATCCTGGGACAGGGCCCAAAGCTTCTGATTCAGTTTCAGAATAACGGTGTAGTGGATGATTCACAGTTGCCTAAGGATCGATTTTCTGCAGAGAGGCTCAAAGGAGTAGACTCCACTCTCAAGATCCAACCTGCAAAGCTTGAGGACTCGGCCGTGTATCTCTGTGCCAGCAGCTTCATGGGGGGGACCTACGAGCAGTACTTCGGGCCGGGCACCAGGCTCACGGTCACAGAGGACCTGAAAAACGTGTTCCC,eagvaqsprykiiekrqsvafwcnpI,SGHAT,LYWYQQILGQGPKLLIQ,FQNNGV,VDDSQLPKDRFSAERLKGVDSTLKIQPAKLEDSAVYLC,ASSFMGGTYEQY,FGPGTRLTVT
IL15_REP_TIL_r,A504-A712,3,CASSVGGGLLPQHF,TRBV9*01,TRBJ1-5*01,TRBC1,dsgvtqtpkhlitatgqrvtlrcSPRSGDLSVYWYQQSLDQGLQFLIQYYNGEERAKGNILERFSAQQFPDLHSELNLSSLELGDSALYFCASSVGGGLLPQHFGDGTRLSILEDLNKVF,TCCCCTAGGTCTGGAGACCTCTCTGTGTACTGGTACCAACAGAGCCTGGACCAGGGCCTCCAGTTCCTCATTCAGTATTATAATGGAGAAGAGAGAGCAAAAGGAAACATTCTTGAACGATTCTCCGCACAACAGTTCCCTGACTTGCACTCTGAACTAAACCTGAGCTCTCTGGAGCTGGGGGACTCAGCTTTGTATTTCTGTGCCAGCAGCGTAGGTGGGGGACTATTGCCCCAGCATTTTGGTGATGGGACTCGACTCTCCATCCTAGAGGACCTGAACAAGGTGTTCCC,dsgvtqtpkhlitatgqrvtlrcSPR,SGDLS,VYWYQQSLDQGLQFLIQ,YYNGEE,RAKGNILERFSAQQFPDLHSELNLSSLELGDSALYFC,ASSVGGGLLPQH,FGDGTRLSIL
IL15_REP_TIL_r,A504-A712,3,CASSDSLGTGTDTQYF,TRBV6-4*01,TRBJ2-3*01,TRBC2,iagitqaptsqilaagrrmtlrctQDMRHNAMYWYRQDLGLGLRLIHYSNTAGTTGKGEVPDGYSVSRANTDDFPLTLASAVPSQTSVYFCASSDSLGTGTDTQYFGPGTRLTVLEDLKNVF,CAGGATATGAGACATAATGCCATGTACTGGTATAGACAAGATCTAGGACTGGGGCTAAGGCTCATCCATTATTCAAATACTGCAGGTACCACTGGCAAAGGAGAAGTCCCTGATGGTTATAGTGTCTCCAGAGCAAACACAGATGATTTCCCCCTCACGTTGGCGTCTGCTGTACCCTCTCAGACATCTGTGTACTTCTGTGCCAGCAGTGACTCGTTAGGGACAGGCACAGATACGCAGTATTTTGGCCCAGGCACCCGGCTGACAGTGCTCGAGGACCTGAAAAACGTGTTCCC,iagitqaptsqilaagrrmtlrctQD,MRHNA,MYWYRQDLGLGLRLIHY,SNTAGT,TGKGEVPDGYSVSRANTDDFPLTLASAVPSQTSVYFC,ASSDSLGTGTDTQY,FGPGTRLTVL
IL15_REP_TIL_r,A504-A712,3,CASRAWTASNYGYTF,TRBV19*01,TRBJ1-2*01,TRBC1,dggitqspkylfrkegqnvtlscEQNLNHDAMYWYRQDPGQGLRLIYYSQIVNDFQKGDIAEGNSVSREKKESFPLTVTSAQKNPTAFYLCASRAWTASNYGYTFGSGTRLTVVEDLNKVF,GTGAACAGAATTTGAACCACGATGCCATGTACTGGTACCGACAGGACCCAGGGCAAGGGCTGAGATTGATCTACTACTCACAGATAGTAAATGACTTTCAGAAAGGAGATATAGCTGAAGGGAACAGCGTCTCTCGGGAGAAGAAGGAATCCTTTCCTCTCACTGTGACATCGGCCCAAAAGAACCCGACAGCTTTCTATCTCTGTGCCAGTAGGGCATGGACAGCGAGTAACTATGGCTACACCTTCGGTTCGGGGACCAGGTTAACCGTTGTAGAGGACCTGAACAAGGTGTTCCC,dggitqspkylfrkegqnvtlscEQN,LNHDA,MYWYRQDPGQGLRLIYY,SQIVND,FQKGDIAEGNSVSREKKESFPLTVTSAQKNPTAFYLC,ASRAWTASNYGYT,FGSGTRLTVV
IL15_REP_TIL_r,A504-A712,3,CAWSKIGTGVGSTEAFF,TRBV30*01,TRBJ1-1*01,TRBC1,sqtihqwpatlvqpvgsplslecTVEGTSNPNLYWYRQAAGRGLQLLFYSVGIGQISSGVPQNLSASRPQDRQFILSSKKLLLSDSGFYLCAWSKIGTGVGSTEAFFGQGTRLTVVEDLNKVF,GCACTGTGGAGGGAACATCAAACCCCAACCTATACTGGTACCGACAGGCTGCAGGCAGGGGCCTCCAGCTGCTCTTCTACTCCGTTGGTATTGGCCAGATCAGCTCTGGGGTGCCCCAGAATCTCTCAGCCTCCAGACCCCAGGACCGGCAGTTCATCCTGAGTTCTAAGAAGCTCCTTCTCAGTGACTCTGGCTTCTATCTCTGTGCCTGGAGTAAAATAGGGACAGGGGTCGGAAGCACTGAAGCTTTCTTTGGACAAGGCACCAGACTCACAGTTGTAGAGGACCTGAACAAGGTGTTCCC,sqtihqwpatlvqpvgsplslecTVE,GTSNPN,LYWYRQAAGRGLQLLFY,SVGIG,QISSGVPQNLSASRPQDRQFILSSKKLLLSDSGFYLC,AWSKIGTGVGSTEAF,FGQGTRLTVV
IL15_REP_TIL_r,A504-A712,3,CASRLPDWAYGYTF,TRBV2*01,TRBJ1-2*01,TRBC1,epevtqtpshqvtqmgqevilrCVPISNHLYFYWYRQILGQKVEFLVSFYNNEISEKSEIFDDQFSVERPDGSNFTLKIRSTKLEDSAMYFCASRLPDWAYGYTFGSGTRLTVVEDLNKVF,GCTGTGTCCCCATCTCTAATCACTTATACTTCTATTGGTACAGACAAATCTTGGGGCAGAAAGTCGAGTTTCTGGTTTCCTTTTATAATAATGAAATCTCAGAGAAGTCTGAAATATTCGATGATCAATTCTCAGTTGAAAGGCCTGATGGATCAAATTTCACTCTGAAGATCCGGTCCACAAAGCTGGAGGACTCAGCCATGTACTTCTGTGCCAGCAGGCTCCCGGACTGGGCCTATGGCTACACCTTCGGTTCGGGGACCAGGTTAACCGTTGTAGAGGACCTGAACAAGGTGTTCCC,epevtqtpshqvtqmgqevilrCVPI,SNHLY,FYWYRQILGQKVEFLVS,FYNNEI,SEKSEIFDDQFSVERPDGSNFTLKIRSTKLEDSAMYFC,ASRLPDWAYGYT,FGSGTRLTVV
IL15_REP_TIL_r,A504-A712,3,CASSYPSSGGPISSTDTQYF,TRBV6-6*02,TRBJ2-3*01,TRBC2,nagvtqtpkfrilkigqsmtlqCAQDMNHNYMYWYRQDPGMGLKLIYYSVGAGITDKGEVPNGYNVSRSTTEDFPLRLELAAPSQTSVYFCASSYPSSGGPISSTDTQYFGPGTRLTVLEDLKNVF,AGTGTGCCCAGGATATGAACCATAACTACATGTACTGGTATCGACAAGACCCAGGCATGGGGCTGAAGCTGATTTATTATTCAGTTGGTGCTGGTATCACTGACAAAGGAGAAGTCCCGAATGGCTACAACGTCTCCAGATCAACCACAGAGGATTTCCCGCTCAGGCTGGAGTTGGCTGCTCCCTCCCAGACATCTGTGTACTTCTGTGCCAGCAGTTACCCGAGTAGCGGGGGCCCAATCTCTAGCACAGATACGCAGTATTTTGGCCCAGGCACCCGGCTGACAGTGCTCGAGGACCTGAAAAACGTGTTCCC,nagvtqtpkfrilkigqsmtlqCAQD,MNHNY,MYWYRQDPGMGLKLIYY,SVGAGI,TDKGEVPNGYNVSRSTTEDFPLRLELAAPSQTSVYFC,ASSYPSSGGPISSTDTQY,FGPGTRLTVL
IL15_REP_TIL_r,A504-A712,3,CASSFMGGTYEQYF,TRBV11-2*03,TRBJ2-7*01,TRBC2,eagvaqsprykiiekrqsvafwcnpISGHATLYWYQQILGQGPKLLIQFQNNGAVDDSQLPKDRFSAERLKGVDSTLKIQPAKLEDSAVYLCASSFMGGTYEQYFGPGTRLTVTEDLKNVF,CTATATCTGGCCATGCTACCCTTTACTGGTACCAGCAGATCCTGGGACAGGGCCCAAAGCTTCTGATTCAGTTTCAGAATAACGGTGCAGTGGATGATTCACAGTTGCCTAAGGATCGATTTTCTGCAGAGAGGCTCAAAGGAGTAGACTCCACTCTCAAGATCCAACCTGCAAAGCTTGAGGACTCGGCCGTGTATCTCTGTGCCAGCAGCTTCATGGGGGGGACCTACGAGCAGTACTTCGGGCCGGGCACCAGGCTCACGGTCACAGAGGACCTGAAAAACGTGTTCCC,eagvaqsprykiiekrqsvafwcnpI,SGHAT,LYWYQQILGQGPKLLIQ,FQNNGA,VDDSQLPKDRFSAERLKGVDSTLKIQPAKLEDSAVYLC,ASSFMGGTYEQY,FGPGTRLTVT
IL15_REP_TIL_r,A504-A712,3,CASSLVTGGPDTQYF,TRBV11-2*03,TRBJ2-3*01,TRBC2,eagvaqsprykiiekrqsvafwcnpISGHATLYWYQQILGQGPKLLIQFQNNGVVDDSQLPKDRFSAERLKGVDSTLKIQPAKLEDSAVYLCASSLVTGGPDTQYFGPGTRLTVLEDLKNVF,CTATATCTGGCCATGCTACCCTTTACTGGTACCAGCAGATCCTGGGACAGGGCCCAAAGCTTCTGATTCAGTTTCAGAATAACGGTGTAGTGGATGATTCACAGTTGCCTAAGGATCGATTTTCTGCAGAGAGGCTCAAAGGAGTAGACTCCACTCTCAAGATCCAACCTGCAAAGCTTGAGGACTCGGCCGTGTATCTCTGTGCCAGCAGCTTAGTCACAGGGGGCCCAGATACGCAGTATTTTGGCCCAGGCACCCGGCTGACAGTGCTCGAGGACCTGAAAAACGTGTTCCC,eagvaqsprykiiekrqsvafwcnpI,SGHAT,LYWYQQILGQGPKLLIQ,FQNNGV,VDDSQLPKDRFSAERLKGVDSTLKIQPAKLEDSAVYLC,ASSLVTGGPDTQY,FGPGTRLTVL
IL15_REP_TIL_r,A504-A712,3,CASSWGQGEYNEQFF,TRBV7-2*01,TRBJ2-1*01,TRBC2,gagvsqspsnkvtekgkdvelrcdpiSGHTALYWYRQSLGQGLEFLIYFQGNSAPDKSGLPSDRFSAERTGGSVSTLTIQRTQQEDSAVYLCASSWGQGEYNEQFFGPGTRLTVLEDLKNVF,TTCAGGTCATACTGCCCTTTACTGGTACCGACAGAGCCTGGGGCAGGGCCTGGAGTTTTTAATTTACTTCCAAGGCAACAGTGCACCAGACAAATCAGGGCTGCCCAGTGATCGCTTCTCTGCAGAGAGGACTGGGGGATCCGTCTCCACTCTGACGATCCAGCGCACACAGCAGGAGGACTCGGCCGTGTATCTCTGTGCCAGCAGCTGGGGACAGGGTGAATACAATGAGCAGTTCTTCGGGCCAGGGACACGGCTCACCGTGCTAGAGGACCTGAAAAACGTGTTCCC,gagvsqspsnkvtekgkdvelrcdpi,SGHTA,LYWYRQSLGQGLEFLIY,FQGNSA,PDKSGLPSDRFSAERTGGSVSTLTIQRTQQEDSAVYLC,ASSWGQGEYNEQF,FGPGTRLTVL
IL15_REP_TIL_r,A504-A712,3,CASSPASTVYNEKLFF,TRBV27*01,TRBJ1-4*01,TRBC1,eaqvtqnprylitvtgkkltvtcsQNMNHEYMSWYRQGPGLGLRQIYYSMNVEVTDKGDVPEGYKVSRKEKRNFPLILESPSPNQTSLYFCASSPASTVYNEKLFFGSGTQLSVLEDLNKVF,CAGAATATGAACCATGAGTATATGTCCTGGTATCGACAAGGCCCAGGGCTGGGCTTAAGGCAGATCTACTATTCAATGAATGTTGAGGTGACTGATAAGGGAGATGTTCCTGAAGGGTACAAAGTCTCTCGAAAAGAGAAGAGGAATTTCCCCCTGATCCTGGAGTCGCCCAGCCCCAACCAGACCTCTCTGTACTTCTGTGCCAGCAGTCCAGCCTCGACAGTCTATAATGAAAAACTGTTTTTTGGCAGTGGAACCCAGCTCTCTGTCTTGGAGGACCTGAACAAGGTGTTCCC,eaqvtqnprylitvtgkkltvtcsQN,MNHEY,MSWYRQGPGLGLRQIYY,SMNVEV,TDKGDVPEGYKVSRKEKRNFPLILESPSPNQTSLYFC,ASSPASTVYNEKLF,FGSGTQLSVL
IL15_REP_TIL_r,A504-A712,3,CASSWAYNEQFF,TRBV5-4*01,TRBJ2-1*01,TRBC2,etgvtqspthliktrgqqvtlrcSSQSGHNTVSWYQQALGQGPQFIFQYYREEENDRGNFPPRFSGLQFPNYSSELNVNALELDDSALYLCASSWAYNEQFFGPGTRLTVLEDLKNVF,TCTTCTCAGTCTGGGCACAACACTGTGTCCTGGTACCAACAGGCCCTGGGTCAGGGGCCCCAGTTTATCTTTCAGTATTATAGGGAGGAAGAGAATGACAGAGGAAACTTCCCTCCTAGATTCTCAGGTCTCCAGTTCCCTAATTATAGCTCTGAGCTGAATGTGAACGCCTTGGAGCTGGACGACTCGGCCCTGTATCTCTGTGCCAGCAGCTGGGCCTACAATGAGCAGTTCTTCGGGCCAGGGACACGGCTCACCGTGCTAGAGGACCTGAAAAACGTGTTCCC,etgvtqspthliktrgqqvtlrcSSQ,SGHNT,VSWYQQALGQGPQFIFQ,YYREEE,NDRGNFPPRFSGLQFPNYSSELNVNALELDDSALYLC,ASSWAYNEQF,FGPGTRLTVL
IL15_REP_TIL_r,A504-A712,3,CASSPKVGGRRTDTQYF,TRBV7-6*01,TRBJ2-3*01,TRBC2,gagvsqsprykvtkrgqdvalrcdPISGHVSLYWYRQALGQGPEFLTYFNYEAQQDKSGLPNDRFSAERPEGSISTLTIQRTEQRDSAMYRCASSPKVGGRRTDTQYFGPGTWLTALEDLKNVF,ATCCAATTTCGGGTCATGTATCCCTTTATTGGTACCGACAGGCCCTGGGGCAGGGCCCAGAGTTTCTGACTTACTTCAATTATGAAGCCCAACAAGACAAATCAGGGCTGCCCAATGATCGGTTCTCTGCAGAGAGGCCTGAGGGATCCATCTCCACTCTGACGATCCAGCGCACAGAGCAGCGGGACTCGGCCATGTATCGCTGTGCCAGCAGTCCAAAGGTGGGGGGACGCCGCACAGATACGCAGTATTTTGGCCCAGGCACCTGGCTGACAGCGCTCGAGGACCTGAAAAACGTGTTCCC,gagvsqsprykvtkrgqdvalrcdPI,SGHVS,LYWYRQALGQGPEFLTY,FNYEAQ,QDKSGLPNDRFSAERPEGSISTLTIQRTEQRDSAMYRC,ASSPKVGGRRTDTQY,FGPGTWLTAL
IL15_REP_TIL_r,A504-A712,3,CASSPKVGGRRTDTQYF,TRBV7-6*01,TRBJ2-3*01,TRBC2,gagvsqsprykvtkrgqdvalrcdPISGHVSLYWYRQALGRGPEFLTYFNYEAQQDKSGLPNDRFSAERPEGSISTLTIQRTEQRDSAMYRCASSPKVGGRRTDTQYFGPGTRLTVLEDLKNVF,ATCCAATTTCGGGTCATGTATCCCTTTATTGGTACCGACAGGCCCTGGGGCGGGGCCCAGAGTTTCTGACTTACTTCAATTATGAAGCCCAACAAGACAAATCAGGGCTGCCCAATGATCGGTTCTCTGCAGAGAGGCCTGAGGGATCCATCTCCACTCTGACGATCCAGCGCACAGAGCAGCGGGACTCGGCCATGTATCGCTGTGCCAGCAGTCCAAAGGTGGGGGGACGCCGCACAGATACGCAGTATTTTGGCCCAGGCACCCGGCTGACAGTGCTCGAGGACCTGAAAAACGTGTTCCC,gagvsqsprykvtkrgqdvalrcdPI,SGHVS,LYWYRQALGRGPEFLTY,FNYEAQ,QDKSGLPNDRFSAERPEGSISTLTIQRTEQRDSAMYRC,ASSPKVGGRRTDTQY,FGPGTRLTVL
IL15_REP_TIL_r,A504-A712,2,CASSPGGSITDTQYF,TRBV27*01,TRBJ2-3*01,TRBC2,eaqvtqnprylitvtgkkltvtcsQNMNHEYMSWYRQDPGLGLRQIYYSMNVEVTDKGDVPEGYKVSRKEKRNFPLILESPSPNQTSLYFCASSPGGSITDTQYFGPGTRLTVLEDLKNVS,CAGAATATGAACCATGAGTATATGTCCTGGTATCGACAAGACCCAGGGCTGGGCTTAAGGCAGATCTACTATTCAATGAATGTTGAGGTGACTGATAAGGGAGATGTTCCTGAAGGGTACAAAGTCTCTCGAAAAGAGAAGAGGAATTTCCCCCTGATCCTGGAGTCGCCCAGCCCCAACCAGACCTCTCTGTACTTCTGTGCCAGCAGCCCCGGGGGCAGTATCACAGATACGCAGTATTTTGGCCCAGGCACCCGGCTGACAGTGCTCGAGGACCTGAAAAACGTGTCCCC,eaqvtqnprylitvtgkkltvtcsQN,MNHEY,MSWYRQDPGLGLRQIYY,SMNVEV,TDKGDVPEGYKVSRKEKRNFPLILESPSPNQTSLYFC,ASSPGGSITDTQY,FGPGTRLTVL
IL15_REP_TIL_r,A504-A712,2,CASSFSLMALNEQYF,TRBV28*01,TRBJ2-7*01,TRBC2,dvkvtqssrylvkrtgekvflecvQDMDHENMFWYRQDPGLGLRLIYFSYDVKMKEKGDIPEGYSVSREKKERFSLILESASTNQTSMYLCASSFSLMALNEQYFGPGTRLTVTEDLKNVF,CAGGATATGGACCATGAAAATATGTTCTGGTATCGACAAGACCCAGGTCTGGGGCTACGGCTGATCTATTTCTCATATGATGTTAAAATGAAAGAAAAAGGAGATATTCCTGAGGGGTACAGTGTCTCTAGAGAGAAGAAGGAGCGCTTCTCCCTGATTCTGGAGTCCGCCAGCACCAACCAGACATCTATGTACCTCTGTGCCAGCAGTTTTTCTTTGATGGCATTAAACGAGCAGTACTTCGGGCCGGGCACCAGGCTCACGGTCACAGAGGACCTGAAAAACGTGTTCCC,dvkvtqssrylvkrtgekvflecvQD,MDHEN,MFWYRQDPGLGLRLIYF,SYDVKM,KEKGDIPEGYSVSREKKERFSLILESASTNQTSMYLC,ASSFSLMALNEQY,FGPGTRLTVT
IL15_REP_TIL_r,A504-A712,2,CASSHGGVEQYF,TRBV28*01,TRBJ2-7*01,TRBC2,dvkvtqssrylvkrtgekvflecvQDMDHENMFWYRQDPGMGLRLIYFSYDVKMKEKGDIPEGYSVSREKKERFSLILESASTNQTSMYLCASSHGGVEQYFGPGTRLTVTEDLKNVF,CAGGATATGGACCATGAAAATATGTTCTGGTATCGACAAGACCCAGGTATGGGGCTACGGCTGATCTATTTCTCATATGATGTTAAAATGAAAGAAAAAGGAGATATTCCTGAGGGGTACAGTGTCTCTAGAGAGAAGAAGGAGCGCTTCTCCCTGATTCTGGAGTCCGCCAGCACCAACCAGACATCTATGTACCTCTGTGCCAGCAGCCATGGTGGGGTCGAGCAGTACTTCGGGCCGGGCACCAGGCTCACGGTCACAGAGGACCTGAAAAACGTGTTCCC,dvkvtqssrylvkrtgekvflecvQD,MDHEN,MFWYRQDPGMGLRLIYF,SYDVKM,KEKGDIPEGYSVSREKKERFSLILESASTNQTSMYLC,ASSHGGVEQY,FGPGTRLTVT
IL15_REP_TIL_r,A504-A712,2,CASSLERQGLYEQYF,TRBV13*01,TRBJ2-7*01,TRBC2,aagviqsprhlikekretatlkcYPIPRHDTVYWYQQGPGQDPQFLISFYEKMQSDKGSIPDRFSAQQFSDYHSELNMSSLELGDSALYFCASSLERQGLYEQYFGPGTRLTVTEDLKNVF,GCTATCCTATCCCTAGACACGACACTGTCTACTGGTACCAGCAGGGTCCAGGTCAGGACCCCCAGTTCCTCATTTCGTTTTATGAAAAGATGCAGAGCGATAAAGGAAGCATCCCTGATCGATTCTCAGCTCAACAGTTCAGTGACTATCATTCTGAACTGAACATGAGCTCCTTGGAGCTGGGGGACTCAGCCCTGTACTTCTGTGCCAGCAGCTTAGAAAGACAGGGGCTCTACGAGCAGTACTTCGGGCCGGGCACCAGGCTCACGGTCACAGAGGACCTGAAAAACGTGTTCCC,aagviqsprhlikekretatlkcYPI,PRHDT,VYWYQQGPGQDPQFLIS,FYEKMQ,SDKGSIPDRFSAQQFSDYHSELNMSSLELGDSALYFC,ASSLERQGLYEQY,FGPGTRLTVT
IL15_REP_TIL_r,A504-A712,2,CASSSTGGSHEQYF,TRBV7-9*01,TRBJ2-7*01,TRBC2,dtgvsqnprhkitkrgqnvtfrcdPISEHNRLYWYRQTLGQGPEFLTYFQNEAQLEKSRLLSDRFSAERPKGSFSTLEIQRTEQGDSAMYLCASSSTGGSHEQYFGPGTRLTVTEDLKNVF,ATCCAATTTCTGAACACAACCGCCTTTATTGGTACCGACAGACCCTGGGGCAGGGCCCAGAGTTTCTGACTTACTTCCAGAATGAAGCTCAACTAGAAAAATCAAGGCTGCTCAGTGATCGGTTCTCTGCAGAGAGGCCTAAGGGATCTTTCTCCACCTTGGAGATCCAGCGCACAGAGCAGGGGGACTCGGCCATGTATCTCTGTGCCAGCAGCTCCACAGGGGGAAGTCACGAGCAGTACTTCGGGCCGGGCACCAGGCTCACGGTCACAGAGGACCTGAAAAACGTGTTCCC,dtgvsqnprhkitkrgqnvtfrcdPI,SEHNR,LYWYRQTLGQGPEFLTY,FQNEAQ,LEKSRLLSDRFSAERPKGSFSTLEIQRTEQGDSAMYLC,ASSSTGGSHEQY,FGPGTRLTVT
IL15_REP_TIL_r,A504-A712,2,CASSLVSGGETDTQYF,TRBV7-8*01,TRBJ2-3*01,TRBC2,gagvsqsprykvakrgqdvalrcdPISGHVSLFWYQQALGQGPEFLTYFQNEAQLDKSGLPSDRFFAERPEGSVSTLKIQRTQQEDSAVYLCASSLVSGGETDTQYFGPGTRLTVLEDLKNVF,ATCCAATTTCGGGTCATGTATCCCTTTTTTGGTACCAACAGGCCCTGGGGCAGGGGCCAGAGTTTCTGACTTATTTCCAGAATGAAGCTCAACTAGACAAATCGGGGCTGCCCAGTGATCGCTTCTTTGCAGAAAGGCCTGAGGGATCCGTCTCCACTCTGAAGATCCAGCGCACACAGCAGGAGGACTCCGCCGTGTATCTCTGTGCCAGCAGCTTGGTTTCCGGGGGCGAGACAGATACGCAGTATTTTGGCCCAGGCACCCGGCTGACAGTGCTCGAGGACCTGAAAAACGTGTTCCC,gagvsqsprykvakrgqdvalrcdPI,SGHVS,LFWYQQALGQGPEFLTY,FQNEAQ,LDKSGLPSDRFFAERPEGSVSTLKIQRTQQEDSAVYLC,ASSLVSGGETDTQY,FGPGTRLTVL
IL15_REP_TIL_r,A504-A712,2,CASSPGGRVFSGELFF,TRBV7-7*01,TRBJ2-2*01,TRBC2,gagvsqsprykvtkrgqdvtlrcdPISSHATLYWYQQALGQGPEFLTYFNYEAQPDKSGLPSDRFSAERPEGSISTLTIQRTEQRDSAMYRCASSPGGRVFSGELFFGEGSRLTVLEDLKNVF,ATCCAATTTCGAGTCATGCAACCCTTTATTGGTATCAACAGGCCCTGGGGCAGGGCCCAGAGTTTCTGACTTACTTCAATTATGAAGCTCAACCAGACAAATCAGGGCTGCCCAGTGATCGGTTCTCTGCAGAGAGGCCTGAGGGATCCATCTCCACTCTGACGATTCAGCGCACAGAGCAGCGGGACTCAGCCATGTATCGCTGTGCTAGCAGCCCCGGGGGCAGGGTCTTCTCCGGGGAGCTGTTTTTTGGAGAAGGCTCTAGGCTGACCGTACTGGAGGACCTGAAAAACGTGTTCCC,gagvsqsprykvtkrgqdvtlrcdPI,SSHAT,LYWYQQALGQGPEFLTY,FNYEAQ,PDKSGLPSDRFSAERPEGSISTLTIQRTEQRDSAMYRC,ASSPGGRVFSGELF,FGEGSRLTVL
IL15_REP_TIL_r,A504-A712,2,CASSSNGLAPEQYF,TRBV5-1*01,TRBJ2-7*01,TRBC2,kagvtqtpryliktrgqqvtLSCSPISGHRSVSWYQQTPGQGLQFLFEYFSETQRNKGNFPGRFSGRQFSNSRSEMNVSTLELGDSALYLCASSSNGLAPEQYFGPGTRLTVTEDLKNVF,ACTGAGCTGCTCCCCTATCTCTGGGCATAGGAGTGTATCCTGGTACCAACAGACCCCAGGACAGGGCCTTCAGTTCCTCTTTGAATACTTCAGTGAGACACAGAGAAACAAAGGAAACTTCCCTGGTCGATTCTCAGGGCGCCAGTTCTCTAACTCTCGCTCTGAGATGAATGTGAGCACCTTGGAGCTGGGGGACTCGGCCCTTTATCTTTGCGCCAGCAGCTCTAATGGACTAGCCCCCGAGCAGTACTTCGGGCCGGGCACCAGGCTCACGGTCACAGAGGACCTGAAAAACGTGTTCCC,kagvtqtpryliktrgqqvtLSCSPI,SGHRS,VSWYQQTPGQGLQFLFE,YFSETQ,RNKGNFPGRFSGRQFSNSRSEMNVSTLELGDSALYLC,ASSSNGLAPEQY,FGPGTRLTVT
IL15_REP_TIL_r,A504-A712,2,CASSGLGIEKLFF,TRBV28*01,TRBJ1-4*01,TRBC1,dvkvtqssrylvkrtgekvflecvQDMDHENMFWYRQDPGLGLRLIYFSYDVKMKEKGDIPEGYSVSREKKERFSLILESASTNQTSTYLCASSGLGIEKLFFGSGTQLSVLEDLNKVF,CAGGATATGGACCATGAAAATATGTTCTGGTATCGACAAGACCCAGGTCTGGGGCTACGGCTGATCTATTTCTCATATGATGTTAAAATGAAAGAAAAAGGAGATATTCCTGAGGGGTACAGTGTCTCTAGAGAGAAGAAGGAGCGCTTCTCCCTGATTCTGGAGTCCGCCAGCACCAACCAGACATCTACGTACCTCTGTGCCAGCAGTGGGCTAGGGATAGAAAAACTGTTTTTTGGCAGTGGAACCCAGCTCTCTGTCTTGGAGGACCTGAACAAGGTGTTCCC,dvkvtqssrylvkrtgekvflecvQD,MDHEN,MFWYRQDPGLGLRLIYF,SYDVKM,KEKGDIPEGYSVSREKKERFSLILESASTNQTSTYLC,ASSGLGIEKLF,FGSGTQLSVL
IL15_REP_TIL_r,A504-A712,2,CASSSGTGDEQYF,TRBV9*01,TRBJ2-7*01,TRBC2,dsgvtqtpkhlitatgqrvtlrcSPRSGDLSVYWYQQSLGQGLQFLIQYYNGEERAKGNILERFSAQQFPDLYSELNLSSLELGDSALYFCASSSGTGDEQYFGPGTRLTVTEDLKNVF,TCCCCTAGGTCTGGAGACCTCTCTGTGTACTGGTACCAACAGAGCCTGGGCCAGGGCCTCCAGTTCCTCATTCAGTATTATAATGGAGAAGAGAGAGCAAAAGGAAACATTCTTGAACGATTCTCCGCACAACAGTTCCCTGACTTGTACTCTGAACTAAACCTGAGCTCTCTGGAGCTGGGGGACTCAGCTTTGTATTTCTGTGCCAGCAGCTCCGGGACAGGGGACGAGCAGTACTTCGGGCCGGGCACCAGGCTCACGGTCACAGAGGACCTGAAAAACGTGTTCCC,dsgvtqtpkhlitatgqrvtlrcSPR,SGDLS,VYWYQQSLGQGLQFLIQ,YYNGEE,RAKGNILERFSAQQFPDLYSELNLSSLELGDSALYFC,ASSSGTGDEQY,FGPGTRLTVT
IL15_REP_TIL_r,A504-A712,2,CASSYLGGANTGELFF,TRBV6-2*01,TRBJ2-2*01,TRBC2,nagvtqtpkfrvlktgqsmtllCAQDMNHEYMYWYRQDPGMGLRLIHYSVGEGTTAKGEVPDGYNVSRLKKQNFLLGLESAAPSQTSVYFCASSYLGGANTGELFFGEGSRLTVLEDLKNVF,TGTGTGCCCAGGATATGAACCATGAATACATGTACTGGTATCGACAAGACCCAGGCATGGGGCTGAGGCTGATTCATTACTCAGTTGGTGAGGGTACAACTGCCAAAGGAGAGGTCCCTGATGGCTACAATGTCTCCAGATTAAAAAAACAGAATTTCCTGCTGGGGTTGGAGTCGGCTGCTCCCTCCCAAACATCTGTGTACTTCTGTGCCAGCAGTTACCTGGGGGGGGCGAACACCGGGGAGCTGTTTTTTGGAGAAGGCTCTAGGCTGACCGTACTGGAGGACCTGAAAAACGTGTTCCC,nagvtqtpkfrvlktgqsmtllCAQD,MNHEY,MYWYRQDPGMGLRLIHY,SVGEGT,TAKGEVPDGYNVSRLKKQNFLLGLESAAPSQTSVYFC,ASSYLGGANTGELF,FGEGSRLTVL
IL15_REP_TIL_r,A504-A712,2,CASSVGWEQFF,TRBV9*01,TRBJ2-1*01,TRBC2,dsgvtqtpkhlitatgqrvtlrcSPRSGDLSVYWYQQSLDQGLQFLIQYYNGEERAKGNILERFSAQQFPDLHSELNLSSLELGDSALYFCASSVGWEQFFGPGTRLTVLEDLKNVF,TCCCCTAGGTCTGGAGACCTCTCTGTGTACTGGTACCAACAGAGCCTGGACCAGGGCCTCCAGTTCCTCATTCAGTATTATAATGGAGAAGAGAGAGCAAAAGGAAACATTCTTGAACGATTCTCCGCACAACAGTTCCCTGACTTGCACTCTGAACTAAACCTGAGCTCTCTGGAGCTGGGGGACTCAGCTTTGTATTTCTGTGCCAGCAGCGTGGGTTGGGAGCAGTTCTTCGGGCCAGGGACACGGCTCACCGTGCTAGAGGACCTGAAAAACGTGTTCCC,dsgvtqtpkhlitatgqrvtlrcSPR,SGDLS,VYWYQQSLDQGLQFLIQ,YYNGEE,RAKGNILERFSAQQFPDLHSELNLSSLELGDSALYFC,ASSVGWEQF,FGPGTRLTVL
IL15_REP_TIL_r,A504-A712,2,CASSQVGTAGEQYF,TRBV14*01,TRBJ2-5*01,TRBC2,eagvtqfpshsviekgqtvtlrcDPISGHDNLYWYRRVMGKEIKFLLHFVKESKQDESGMPNNRFLAERTEGTYSTLKVQPAELEDSGVYFCASSQVGTAGEQYFGPGTRLLVLEDLKNVF,GTGACCCAATTTCTGGACATGATAATCTTTATTGGTATCGACGTGTTATGGGAAAAGAAATAAAATTTCTGTTACATTTTGTGAAAGAGTCTAAACAGGATGAGTCCGGTATGCCCAACAATCGATTCTTAGCTGAAAGGACTGAAGGGACGTATTCTACTCTGAAGGTGCAGCCTGCAGAACTGGAGGATTCTGGAGTTTATTTCTGTGCCAGCAGCCAAGTGGGAACCGCGGGCGAGCAGTACTTCGGGCCAGGCACGCGGCTCCTGGTGCTCGAGGACCTGAAAAACGTGTTCCC,eagvtqfpshsviekgqtvtlrcDPI,SGHDN,LYWYRRVMGKEIKFLLH,FVKESK,QDESGMPNNRFLAERTEGTYSTLKVQPAELEDSGVYFC,ASSQVGTAGEQY,FGPGTRLLVL
IL15_REP_TIL_r,A504-A712,2,CASSAPLDTQYF,TRBV9*01,TRBJ2-3*01,TRBC2,dsgvtqtpkhlitatgqrvtlrcSPRSGDLSVYWYQQSLDQGLQFLIQYYNGEERAKGNILERFSAQQFPDLHSELNLSSLELGDSALYFCASSAPLDTQYFGPGTRLTVLEDLKNVF,TCCCCTAGGTCTGGAGACCTCTCTGTGTACTGGTACCAACAGAGCCTGGACCAGGGCCTCCAGTTCCTCATTCAGTATTATAATGGAGAAGAGAGAGCAAAAGGAAACATTCTTGAACGATTCTCCGCACAACAGTTCCCTGACTTGCACTCTGAACTAAACCTGAGCTCTCTGGAGCTGGGGGACTCAGCTTTGTATTTCTGTGCCAGCAGCGCCCCGCTAGATACGCAGTATTTTGGCCCAGGCACCCGGCTGACAGTGCTCGAGGACCTGAAAAACGTGTTCCC,dsgvtqtpkhlitatgqrvtlrcSPR,SGDLS,VYWYQQSLDQGLQFLIQ,YYNGEE,RAKGNILERFSAQQFPDLHSELNLSSLELGDSALYFC,ASSAPLDTQY,FGPGTRLTVL
IL15_REP_TIL_r,A504-A712,2,CASSLMNYGSGAGNEQFF,TRBV19*01,TRBJ2-1*01,TRBC2,dggitqspkylfrkegqnvtlscEQNLNHDAMYWYRQDPGQGLRLIYYSQIVNDFQKGDIAEGYSVSREKKESFPLTVTSAQKNPTAFYLCASSLMNYGSGAGNEQFFGPGTRLTVLEDLKNVF,GTGAACAGAATTTGAACCACGATGCCATGTACTGGTACCGACAGGACCCAGGGCAAGGGCTGAGATTGATCTACTACTCACAGATAGTAAATGACTTTCAGAAAGGAGATATAGCTGAAGGGTACAGCGTCTCTCGGGAGAAGAAGGAATCCTTTCCTCTCACTGTGACATCGGCCCAAAAGAACCCGACAGCTTTCTATCTCTGTGCCAGTAGCCTTATGAACTACGGTAGCGGGGCTGGCAATGAGCAGTTCTTCGGGCCAGGGACACGGCTCACCGTGCTAGAGGACCTGAAAAACGTGTTCCC,dggitqspkylfrkegqnvtlscEQN,LNHDA,MYWYRQDPGQGLRLIYY,SQIVND,FQKGDIAEGYSVSREKKESFPLTVTSAQKNPTAFYLC,ASSLMNYGSGAGNEQF,FGPGTRLTVL
IL15_REP_TIL_r,A504-A712,2,CASSPAMGSEIERAFF,TRBV2*01,TRBJ1-1*01,TRBC1,epevtqtpshqvtqmgqevilrCVPISNHLYFYWYRQILGQKVEFLVSFYNNEISEKSEIFDDQFSVERPDGSNFTLKIRSTKLEDSAMYFCASSPAMGSEIERAFFGQGTRLTVVEDLNKVF,GCTGTGTCCCCATCTCTAATCACTTATACTTCTATTGGTACAGACAAATCTTGGGGCAGAAAGTCGAGTTTCTGGTTTCCTTTTATAATAATGAAATCTCAGAGAAGTCTGAAATATTCGATGATCAATTCTCAGTTGAAAGGCCTGATGGATCAAATTTCACTCTGAAGATCCGGTCCACAAAGCTGGAGGACTCAGCCATGTACTTCTGTGCCAGCAGCCCTGCAATGGGTTCAGAGATTGAGAGGGCTTTCTTTGGACAAGGCACCAGACTCACAGTTGTAGAGGACCTGAACAAGGTATTCCC,epevtqtpshqvtqmgqevilrCVPI,SNHLY,FYWYRQILGQKVEFLVS,FYNNEI,SEKSEIFDDQFSVERPDGSNFTLKIRSTKLEDSAMYFC,ASSPAMGSEIERAF,FGQGTRLTVV
IL15_REP_TIL_r,A504-A712,2,CSVYSDRRNYGHTF,TRBV29-1*01,TRBJ1-2*01,TRBC1,savisqkpsrdicqrgtsltIQCQVDSQVTMMFWYRQQPGQSLTLIATANQGSEATYESGFVIDKFPISRPNLTFSTLTVSNMSPEDSSIYLCSVYSDRRNYGHTFGSGTRLTVVEDLNKVF,CGATCCAGTGTCAAGTCGATAGCCAAGTCACCATGATGTTCTGGTACCGTCAGCAACCTGGACAGAGCCTGACACTGATCGCAACTGCAAATCAGGGCTCTGAGGCCACATATGAGAGTGGATTTGTCATTGACAAGTTTCCCATCAGCCGCCCAAACCTAACATTCTCAACTCTGACTGTGAGCAACATGAGCCCTGAAGACAGCAGCATATATCTCTGCAGCGTTTACAGTGACAGGCGGAACTATGGCCACACCTTCGGTTCGGGGACCAGGTTAACCGTTGTAGAGGACCTGAACAAGGTGTTCCC,savisqkpsrdicqrgtsltIQCQVD,SQVTM,MFWYRQQPGQSLTLIAT,ANQGSEA,TYESGFVIDKFPISRPNLTFSTLTVSNMSPEDSSIYLC,SVYSDRRNYGHT,FGSGTRLTVV
IL15_REP_TIL_r,A504-A712,2,CASSLTGFGDYEQYF,TRBV5-1*01,TRBJ2-7*01,TRBC2,kagvtqtpryliktrgqqvtlscSPISGHRSVSWCQQTPGQGLQFLFEYFSETQRNKGNFPGRFSGRQFSNSRSEMNVSTLELGDSALYLCASSLTGFGDYEQYFGPGTRLTVTEDLKNVF,TCCCCTATCTCTGGGCATAGGAGTGTATCCTGGTGCCAACAGACCCCAGGACAGGGCCTTCAGTTCCTCTTTGAATACTTCAGTGAGACACAGAGAAACAAAGGAAACTTCCCTGGTCGATTCTCAGGGCGCCAGTTCTCTAACTCTCGCTCTGAGATGAATGTGAGCACCTTGGAGCTGGGGGACTCGGCCCTTTATCTTTGCGCCAGCAGCTTAACAGGGTTCGGGGACTACGAGCAGTACTTCGGGCCGGGCACCAGGCTCACGGTCACAGAGGACCTGAAAAACGTGTTCCC,kagvtqtpryliktrgqqvtlscSPI,SGHRS,VSWCQQTPGQGLQFLFE,YFSETQ,RNKGNFPGRFSGRQFSNSRSEMNVSTLELGDSALYLC,ASSLTGFGDYEQY,FGPGTRLTVT
IL15_REP_TIL_r,A504-A712,2,CASSPIWDSNQPQHF,TRBV6-2*01,TRBJ1-5*01,TRBC1,nagvtqtpkfrvlktgqsmtllCAQDMNHEYMYWYRQDPGMGLRLIHYSVGEGTTAKGEVPDGYNVSRLKKQNFLLGLESAAPSQTSVYFCASSPIWDSNQPQHFGDGTRLSILEDLNKVF,TGTGTGCCCAGGATATGAACCATGAATACATGTACTGGTATCGACAAGACCCAGGCATGGGGCTGAGGCTGATTCATTACTCAGTTGGTGAGGGTACAACTGCCAAAGGAGAGGTCCCTGATGGCTACAATGTCTCCAGATTAAAAAAACAGAATTTCCTGCTGGGGTTGGAGTCGGCTGCTCCCTCCCAAACATCTGTGTACTTCTGTGCCAGCAGCCCGATTTGGGATAGCAATCAGCCCCAGCATTTTGGTGATGGGACTCGACTCTCCATCCTAGAGGACCTGAACAAGGTGTTCCC,nagvtqtpkfrvlktgqsmtllCAQD,MNHEY,MYWYRQDPGMGLRLIHY,SVGEGT,TAKGEVPDGYNVSRLKKQNFLLGLESAAPSQTSVYFC,ASSPIWDSNQPQH,FGDGTRLSIL
IL15_REP_TIL_r,A504-A712,2,CASSFGWGDNSPLHF,TRBV5-6*01,TRBJ1-6*02,TRBC1,dagvtqspthliktrgqqvtLRCSPKSGHDTVSWYQQALGQGPQFIFQYYEEEERQRGNFPDRFSGHQFPNYSSELNVNALLLGDSALYLCASSFGWGDNSPLHFGNGTRLTVTEDLNKVF,TCTGAGATGCTCTCCTAAGTCTGGGCATGACACTGTGTCCTGGTACCAACAGGCCCTGGGTCAGGGGCCCCAGTTTATCTTTCAGTATTATGAGGAGGAAGAGAGACAGAGAGGCAACTTCCCTGATCGATTCTCAGGTCACCAGTTCCCTAACTATAGCTCTGAGCTGAATGTGAACGCCTTGTTGCTGGGGGACTCGGCCCTCTATCTCTGTGCCAGCAGCTTCGGGTGGGGCGATAATTCACCCCTCCACTTTGGGAACGGGACCAGGCTCACTGTGACAGAGGACCTGAACAAGGTGTTCCC,dagvtqspthliktrgqqvtLRCSPK,SGHDT,VSWYQQALGQGPQFIFQ,YYEEEE,RQRGNFPDRFSGHQFPNYSSELNVNALLLGDSALYLC,ASSFGWGDNSPLH,FGNGTRLTVT
IL15_REP_TIL_r,A504-A712,2,CTSSPDRGLYTEAFF,TRBV12-3*01,TRBJ1-1*01,TRBC1,dagviqsprhevtemgqevtlrcKPISGHNSLFWYRQTMMRGLELLIYFNNNVPIDDSGMPEDRFSAKMPNASFSTLKIQPSEPRDSAVYFCTSSPDRGLYTEAFFGQGTRLTVVEDLNKVF,TAAACCAATTTCAGGCCACAACTCCCTTTTCTGGTACAGACAGACCATGATGCGGGGACTGGAGTTGCTCATTTACTTTAACAACAACGTTCCGATAGATGATTCAGGGATGCCCGAGGATCGATTCTCAGCTAAGATGCCTAATGCATCATTCTCCACTCTGAAGATCCAGCCCTCAGAACCCAGGGACTCAGCTGTGTACTTCTGTACCAGCAGCCCGGACAGGGGGCTATACACTGAAGCTTTCTTTGGACAAGGCACCAGACTCACAGTTGTAGAGGACCTGAACAAGGTGTTCCC,dagviqsprhevtemgqevtlrcKPI,SGHNS,LFWYRQTMMRGLELLIY,FNNNVP,IDDSGMPEDRFSAKMPNASFSTLKIQPSEPRDSAVYFC,TSSPDRGLYTEAF,FGQGTRLTVV
IL15_REP_TIL_r,A504-A712,2,CASSGPGTGMGAFF,TRBV2*01,TRBJ1-1*01,TRBC1,epevtqtpshqvtqmgqevilrCVPISNHLYFYWYRQILGQKVEFLVSFYNNEISEKSEIFDDQFSVERPDGSNFTLKIRSTKLEDSAMYFCASSGPGTGMGAFFGQGTRLTVVEDLNKVF,GCTGTGTCCCCATCTCTAATCACTTATACTTCTATTGGTACAGACAAATCTTGGGGCAGAAAGTCGAGTTTCTGGTTTCCTTTTATAATAATGAAATCTCAGAGAAGTCTGAAATATTCGATGATCAATTCTCAGTTGAAAGGCCTGATGGATCAAATTTCACTCTGAAGATCCGGTCCACAAAGCTGGAGGACTCAGCCATGTACTTCTGTGCCAGCAGCGGTCCCGGGACAGGGATGGGGGCTTTCTTTGGACAAGGCACCAGACTCACAGTTGTAGAGGACCTGAACAAGGTGTTCCC,epevtqtpshqvtqmgqevilrCVPI,SNHLY,FYWYRQILGQKVEFLVS,FYNNEI,SEKSEIFDDQFSVERPDGSNFTLKIRSTKLEDSAMYFC,ASSGPGTGMGAF,FGQGTRLTVV
IL15_REP_TIL_r,A504-A712,2,CARIDSFYEQYF,TRBV30*01,TRBJ2-7*01,TRBC2,sqtihqwpatlvqpvgsplslecTVEGTSNPNLYWYRQAAGRGLQLLFYSVGIGQISSEVPQNLSASRPQDRQFILSSKKLLLSDSGFYLCARIDSFYEQYFGPGTRLTVTEDLKNVF,GCACTGTGGAGGGAACATCAAACCCCAACCTATACTGGTACCGACAGGCTGCAGGCAGGGGCCTCCAGCTGCTCTTCTACTCCGTTGGTATTGGCCAGATCAGCTCTGAGGTGCCCCAGAATCTCTCAGCCTCCAGACCCCAGGACCGGCAGTTCATCCTGAGTTCTAAGAAGCTCCTTCTCAGTGACTCTGGCTTCTATCTCTGTGCCCGGATCGACAGTTTCTACGAGCAGTACTTCGGGCCGGGCACCAGGCTCACGGTCACAGAGGACCTGAAAAACGTGTTCCC,sqtihqwpatlvqpvgsplslecTVE,GTSNPN,LYWYRQAAGRGLQLLFY,SVGIG,QISSEVPQNLSASRPQDRQFILSSKKLLLSDSGFYLC,ARIDSFYEQY,FGPGTRLTVT
IL15_REP_TIL_r,A504-A712,2,CASSTLTVSYEQYF,TRBV19*01,TRBJ2-7*01,TRBC2,dggitqspkylfrkegqnvtlscEQNLNHDAMYWYRQDPGQGLRLIYYSQIVNDFQKGDIAEGYSVSREEKESFPLTVTSAQKNPTAFYLCASSTLTVSYEQYFGPGTRLTVTGDLKNVF,GTGAACAGAATTTGAACCACGATGCCATGTACTGGTACCGACAGGACCCAGGGCAAGGGCTGAGATTGATCTACTACTCACAGATAGTAAATGACTTTCAGAAAGGAGATATAGCTGAGGGGTACAGCGTCTCTCGGGAGGAGAAGGAATCCTTTCCTCTCACTGTGACATCGGCCCAAAAGAACCCGACAGCTTTCTATCTCTGTGCCAGTAGTACCCTGACGGTTAGCTACGAGCAGTACTTCGGGCCGGGCACCAGGCTCACGGTCACAGGGGACCTGAAAAACGTGTTCCC,dggitqspkylfrkegqnvtlscEQN,LNHDA,MYWYRQDPGQGLRLIYY,SQIVND,FQKGDIAEGYSVSREEKESFPLTVTSAQKNPTAFYLC,ASSTLTVSYEQY,FGPGTRLTVT
IL15_REP_TIL_r,A504-A712,2,CASSTLTVSYEQYF,TRBV19*01,TRBJ2-7*01,TRBC2,dggitqspkylfrkegqnvtlscEQNLNHDAMYWYRQDPGQGLRLIYYSQIVNDFQKGDIAEGYSVSREKKESFPLTVTSAQKNPTAFYLCASSTLTVSYEQYFGPGTRLTVTEDLKNVF,GTGAACAGAATTTGAACCACGATGCCATGTACTGGTACCGACAGGACCCAGGGCAAGGGCTGAGATTGATCTACTACTCACAGATAGTAAATGACTTTCAGAAAGGAGATATAGCTGAAGGGTACAGCGTCTCTCGGGAGAAGAAGGAATCCTTTCCTCTCACTGTGACATCGGCCCAAAAGAACCCGACAGCTTTCTATCTCTGTGCCAGTAGTACCCTGACAGTTAGCTACGAGCAGTACTTCGGGCCGGGCACCAGGCTCACGGTCACAGAGGACCTGAAAAACGTGTTCCC,dggitqspkylfrkegqnvtlscEQN,LNHDA,MYWYRQDPGQGLRLIYY,SQIVND,FQKGDIAEGYSVSREKKESFPLTVTSAQKNPTAFYLC,ASSTLTVSYEQY,FGPGTRLTVT
IL15_REP_TIL_r,A504-A712,2,CASSFGTGHSYEQYF,TRBV19*01,TRBJ2-7*01,TRBC2,dggitqspkylfrkegqnvtlscEQNLNHDAMYWYRQDPGQGLRLIYYSQIVNDFQKGDIAEGYSASREKKESFPLTVTSAQKNPTAFYLCASSFGTGHSYEQYFGPGTRLTVTEDLKNVF,GAACAGAATTTGAACCACGATGCCATGTACTGGTACCGACAGGACCCAGGGCAAGGGCTGAGATTGATCTACTACTCACAGATAGTAAATGACTTTCAGAAAGGAGATATAGCTGAAGGGTACAGCGCCTCTCGGGAGAAGAAGGAATCCTTTCCTCTCACTGTGACATCGGCCCAAAAGAACCCGACAGCTTTCTATCTCTGTGCCAGTAGCTTCGGGACAGGCCACTCCTACGAGCAGTACTTCGGGCCGGGCACCAGGCTCACGGTCACAGAGGACCTGAAAAACGTGTTCCC,dggitqspkylfrkegqnvtlscEQN,LNHDA,MYWYRQDPGQGLRLIYY,SQIVND,FQKGDIAEGYSASREKKESFPLTVTSAQKNPTAFYLC,ASSFGTGHSYEQY,FGPGTRLTVT
IL15_REP_TIL_r,A504-A712,2,CTSSLDGDTGGAWETQYF,TRBV7-6*01,TRBJ2-5*01,TRBC2,gagvsqsprykvtkrgqdvalrcdPISGHVSLYWYRQALGQGPEFLTYFNYEAQQDKSGLPNDRFSAERPEGSISTLTIQRTEQRDSAMYRCTSSLDGDTGGAWETQYFGPGTRLLVLEDLKNVF,ATCCAATTTCGGGTCATGTATCCCTTTATTGGTACCGACAGGCCCTGGGGCAGGGCCCAGAGTTTCTGACTTACTTCAATTATGAAGCCCAACAAGACAAATCAGGGCTGCCCAATGATCGGTTCTCTGCAGAGAGGCCTGAGGGATCCATCTCCACTCTGACGATCCAGCGCACAGAGCAGCGGGACTCGGCCATGTATCGCTGTACCAGCAGCTTAGATGGGGATACCGGGGGGGCCTGGGAGACCCAGTACTTCGGGCCAGGCACGCGGCTCCTGGTGCTCGAGGACCTGAAAAACGTGTTCCC,gagvsqsprykvtkrgqdvalrcdPI,SGHVS,LYWYRQALGQGPEFLTY,FNYEAQ,QDKSGLPNDRFSAERPEGSISTLTIQRTEQRDSAMYRC,TSSLDGDTGGAWETQY,FGPGTRLLVL
IL15_REP_TIL_r,A504-A712,2,CASSDQKGQPQHF,TRBV9*01,TRBJ1-5*01,TRBC1,dsgvtqtpkhlitatgqrvtlrcSPRSGDLSVYWYQQSLNQGLQYLIQYYNGEERAKGNILERFSAQQFPDLHSELNLSSLELGDSALYFCASSDQKGQPQHFGDGTRLSILEDLNKVF,TCCCCTAGGTCTGGAGACCTCTCTGTGTACTGGTACCAACAGAGCCTGAACCAGGGCCTCCAGTACCTCATTCAGTATTATAATGGAGAAGAGAGAGCAAAAGGAAACATTCTTGAACGATTCTCCGCACAACAGTTCCCTGACTTGCACTCTGAACTAAACCTGAGCTCTCTGGAGCTGGGGGACTCAGCTTTGTATTTCTGTGCCAGCAGTGACCAAAAGGGACAGCCCCAGCATTTTGGTGATGGGACTCGACTCTCCATCCTAGAGGACCTGAACAAGGTGTTCCC,dsgvtqtpkhlitatgqrvtlrcSPR,SGDLS,VYWYQQSLNQGLQYLIQ,YYNGEE,RAKGNILERFSAQQFPDLHSELNLSSLELGDSALYFC,ASSDQKGQPQH,FGDGTRLSIL
IL15_REP_TIL_r,A504-A712,2,CAWSLRFPDNEQFF,TRBV30*01,TRBJ2-1*01,TRBC2,sqtihqwpatlvqpvgsplslecTVEGTSNPNLYWYRQAAGRGLQLLFYSVGIGQISSEVPQNLSASRPQDRQFILSSKKLLLSDSGFYLCAWSLRFPDNEQFFGPGTRLTVLEDLKNVF,GCACTGTGGAGGGAACATCAAACCCCAACCTATACTGGTACCGACAGGCTGCAGGCAGGGGCCTCCAGCTGCTCTTCTACTCCGTTGGTATTGGCCAGATCAGCTCTGAGGTGCCCCAGAATCTCTCAGCCTCCAGACCCCAGGACCGGCAGTTCATCCTGAGTTCTAAGAAGCTCCTTCTCAGTGACTCTGGCTTCTATCTCTGTGCCTGGAGTCTGCGTTTCCCGGACAATGAGCAGTTCTTCGGGCCAGGGACACGGCTCACCGTGCTAGAGGACCTGAAAAACGTGTTCCC,sqtihqwpatlvqpvgsplslecTVE,GTSNPN,LYWYRQAAGRGLQLLFY,SVGIG,QISSEVPQNLSASRPQDRQFILSSKKLLLSDSGFYLC,AWSLRFPDNEQF,FGPGTRLTVL
IL15_REP_TIL_r,A504-A712,2,CASSDQKGQPQHF,TRBV9*01,TRBJ1-5*01,TRBC1,dsgvtqtpkhlitatgqrvtlrcSPRSGDPSVYWYQQSLDQGLQFLIQYYNGEERAKGNILERFSAQQFPDLHSELNLSSLELGDSALYFCASSDQKGQPQHFGDGTRLSILEDLNKVF,TCCCCTAGGTCTGGAGACCCCTCTGTGTACTGGTACCAACAGAGCCTGGACCAGGGCCTCCAGTTCCTCATTCAGTATTATAATGGAGAAGAGAGAGCAAAAGGAAACATTCTTGAACGATTCTCCGCACAACAGTTCCCTGACTTGCACTCTGAACTAAACCTGAGCTCTCTGGAGCTGGGGGACTCAGCTTTGTATTTCTGTGCCAGCAGTGACCAAAAGGGACAGCCCCAGCATTTTGGTGATGGGACTCGACTCTCCATCCTAGAGGACCTGAACAAGGTGTTCCC,dsgvtqtpkhlitatgqrvtlrcSPR,SGDPS,VYWYQQSLDQGLQFLIQ,YYNGEE,RAKGNILERFSAQQFPDLHSELNLSSLELGDSALYFC,ASSDQKGQPQH,FGDGTRLSIL
IL15_REP_TIL_r,A504-A712,2,CAWIDSFYEQYF,TRBV30*01,TRBJ2-7*01,TRBC2,sqtihqwpatlvqpvgsplslecTVEGTSNPNLYWYRQAAGRGLQLLFYSVGIGQISSEVPQNLSASRPQDRQFILSSKKLLLSDSGFYLCAWIDSFYEQYFGPGTKLTVTEDLKNVF,GCACTGTGGAGGGAACATCAAACCCCAACCTATACTGGTACCGACAGGCTGCAGGCAGGGGCCTCCAGCTGCTCTTCTACTCCGTTGGTATTGGCCAGATCAGCTCTGAGGTGCCCCAGAATCTCTCAGCCTCCAGACCCCAGGACCGGCAGTTCATCCTGAGTTCTAAGAAGCTCCTTCTCAGTGACTCTGGCTTCTATCTCTGTGCCTGGATCGACAGTTTCTACGAGCAGTACTTCGGGCCGGGCACCAAGCTCACGGTCACAGAGGACCTGAAAAACGTGTTCCC,sqtihqwpatlvqpvgsplslecTVE,GTSNPN,LYWYRQAAGRGLQLLFY,SVGIG,QISSEVPQNLSASRPQDRQFILSSKKLLLSDSGFYLC,AWIDSFYEQY,FGPGTKLTVT
IL15_REP_TIL_r,A504-A712,2,CASSLGQSTDTQYF,TRBV5-8*01,TRBJ2-3*01,TRBC2,eagvtqspthliktrgqqatlrcSPISGHTSVYWYQQALGLGLQFLLWYDEGEERNRGNFPPRFSGRQFPNYCSELNVNALELEDSALYLCASSLGQSTDTQYFGPGTRLTVLEDLKNVF,TCTCCTATCTCTGGGCACACCAGTGTGTACTGGTACCAACAGGCCCTGGGTCTGGGCCTCCAGTTCCTCCTTTGGTATGACGAGGGTGAAGAGAGAAACAGAGGAAACTTCCCTCCTAGATTTTCAGGTCGCCAGTTCCCTAATTATTGCTCTGAGCTGAATGTGAACGCCTTGGAGCTGGAGGACTCGGCCCTGTATCTCTGTGCCAGCAGCTTGGGACAGAGCACAGATACGCAGTATTTTGGCCCAGGCACCCGGCTGACAGTGCTCGAGGACCTGAAAAACGTGTTCCC,eagvtqspthliktrgqqatlrcSPI,SGHTS,VYWYQQALGLGLQFLLW,YDEGEE,RNRGNFPPRFSGRQFPNYCSELNVNALELEDSALYLC,ASSLGQSTDTQY,FGPGTRLTVL
IL15_REP_TIL_r,A504-A712,2,CASSLGQSTDTQYF,TRBV5-8*01,TRBJ2-3*01,TRBC2,eagvtqspthliktrgqqatlrcSPISGHTSVYWYQQALGLGLQFLLWYDEGEERNRGSFPPRFSGRQFPNYSSELNVNALELEDSALYLCASSLGQSTDTQYFGPGTRLTVLEDLKNVF,TCTCCTATCTCTGGGCACACCAGTGTGTACTGGTACCAACAGGCCCTGGGTCTGGGCCTCCAGTTCCTCCTTTGGTATGACGAGGGTGAAGAGAGAAACAGAGGAAGCTTCCCTCCTAGATTTTCAGGTCGCCAGTTCCCTAATTATAGCTCTGAGCTGAATGTGAACGCCTTGGAGCTGGAGGACTCGGCCCTGTATCTCTGTGCCAGCAGCTTGGGACAGAGCACAGATACGCAGTATTTTGGCCCAGGCACCCGGCTGACAGTGCTCGAGGACCTGAAAAACGTGTTCCC,eagvtqspthliktrgqqatlrcSPI,SGHTS,VYWYQQALGLGLQFLLW,YDEGEE,RNRGSFPPRFSGRQFPNYSSELNVNALELEDSALYLC,ASSLGQSTDTQY,FGPGTRLTVL
IL15_REP_TIL_r,A504-A712,2,CASSPKVGGRRTDTQYF,TRBV7-6*01,TRBJ2-3*01,TRBC2,gagvsqsprykvtkrgqdvalrcdPISGHVSLYWYRQALGQGPEFLTYFNYEAQQDKSGLPNDRFSAERPEGSISTLTTQRTEQRDSAMYRCASSPKVGGRRTDTQYFGPGTRLTVLEDLKNVF,ATCCAATTTCGGGTCATGTATCCCTTTATTGGTACCGACAGGCCCTGGGGCAGGGCCCAGAGTTTCTGACTTACTTCAATTATGAAGCCCAACAAGACAAATCAGGGCTGCCCAATGATCGGTTCTCTGCAGAGAGGCCTGAGGGATCCATCTCCACTCTGACGACCCAGCGCACAGAGCAGCGGGACTCGGCCATGTATCGCTGTGCCAGCAGTCCAAAGGTGGGGGGACGCCGCACAGATACGCAGTATTTTGGCCCAGGCACCCGGCTGACAGTGCTCGAGGACCTGAAAAACGTGTTCCC,gagvsqsprykvtkrgqdvalrcdPI,SGHVS,LYWYRQALGQGPEFLTY,FNYEAQ,QDKSGLPNDRFSAERPEGSISTLTTQRTEQRDSAMYRC,ASSPKVGGRRTDTQY,FGPGTRLTVL
IL15_REP_TIL_r,A504-A712,2,CASSLVVGAPGQNEQFF,TRBV7-8*01,TRBJ2-1*01,TRBC2,gagvsqsprykvakrgqdvalrcdPISGHVSLFWYQQALGQGPEFLTYFQNEAQLDKSGLPSDRFFAERPEGSVSTLKIQRTQQEDSAVYLCASSLVVGAPGQNEQFFGPGTRLTVLEDLKNVF,ATCCAATTTCGGGTCATGTATCCCTTTTTTGGTACCAACAGGCCCTGGGGCAGGGGCCAGAGTTTCTGACTTATTTCCAGAATGAAGCTCAACTAGACAAATCGGGGCTGCCCAGTGATCGCTTCTTTGCAGAAAGGCCTGAGGGATCCGTCTCCACTCTGAAGATCCAGCGCACACAGCAGGAGGACTCCGCCGTGTATCTCTGTGCCAGCAGCTTAGTAGTAGGCGCGCCGGGACAAAATGAGCAGTTCTTCGGGCCAGGGACACGGCTCACCGTGCTAGAGGACCTGAAAAACGTGTTCCC,gagvsqsprykvakrgqdvalrcdPI,SGHVS,LFWYQQALGQGPEFLTY,FQNEAQ,LDKSGLPSDRFFAERPEGSVSTLKIQRTQQEDSAVYLC,ASSLVVGAPGQNEQF,FGPGTRLTVL
IL15_REP_TIL_r,A504-A712,2,CASSLDGEYNEQFF,TRBV7-8*01,TRBJ2-1*01,TRBC2,gagvsqsprykvakrgqdvalrcdPISGHVSLFWYQQARGQGPEFLTYFQNEAQLDKSGLPSDRFFAERPEGSVSTLKIQRTQQEDSAVYLCASSLDGEYNEQFFGPGTRLTVLEDLKNVF,ATCCAATTTCGGGTCATGTATCCCTTTTTTGGTACCAACAGGCCCGGGGGCAGGGGCCAGAGTTTCTGACTTATTTCCAGAATGAAGCTCAACTAGACAAATCGGGGCTGCCCAGTGATCGCTTCTTTGCAGAAAGGCCTGAGGGATCCGTCTCCACTCTGAAGATCCAGCGCACACAGCAGGAGGACTCCGCCGTGTATCTCTGTGCCAGCAGCTTGGACGGGGAATACAATGAGCAGTTCTTCGGGCCAGGGACACGGCTCACCGTGCTAGAGGACCTGAAAAACGTGTTCCC,gagvsqsprykvakrgqdvalrcdPI,SGHVS,LFWYQQARGQGPEFLTY,FQNEAQ,LDKSGLPSDRFFAERPEGSVSTLKIQRTQQEDSAVYLC,ASSLDGEYNEQF,FGPGTRLTVL
IL15_REP_TIL_r,A504-A712,2,CASSFMGGAYEQYF,TRBV11-2*03,TRBJ2-7*01,TRBC2,eagvaqsprykiiekrqsvafwcnpISGHATLYWYQQILGQGPKLLIQFQNNGVVDDSLLPKDRFSAERLKGVDSTLKIQPAKLEDSAVYLCASSFMGGAYEQYFGPGTRLTVTEDLKNVF,CTATATCTGGCCATGCTACCCTTTACTGGTACCAGCAGATCCTGGGACAGGGCCCAAAGCTTCTGATTCAGTTTCAGAATAACGGTGTAGTGGATGATTCACTGTTGCCTAAGGATCGATTTTCTGCAGAGAGGCTCAAAGGAGTAGACTCCACTCTCAAGATCCAACCTGCAAAGCTCGAGGACTCGGCCGTGTATCTCTGTGCCAGCAGCTTCATGGGGGGGGCCTACGAGCAGTACTTCGGGCCGGGCACCAGGCTCACGGTCACAGAGGACCTGAAAAACGTGTTCCC,eagvaqsprykiiekrqsvafwcnpI,SGHAT,LYWYQQILGQGPKLLIQ,FQNNGV,VDDSLLPKDRFSAERLKGVDSTLKIQPAKLEDSAVYLC,ASSFMGGAYEQY,FGPGTRLTVT
IL15_REP_TIL_r,A504-A712,2,CASSLVTGGPDTQYF,TRBV11-2*03,TRBJ2-3*01,TRBC2,eagvaqsprykiiekrqsvafwcnpISGRATLYWYQQILGQGPKLLIQFQNNGVVDDSQLPKDRFSAERLKGVDSTLKIQPAKLEDSAVYLCASSLVTGGPDTQYFGPGTRLTVLEDLKNVF,CTATATCTGGCCGTGCTACCCTTTACTGGTACCAGCAGATCCTGGGACAGGGCCCAAAGCTTCTGATTCAGTTTCAGAATAACGGTGTAGTGGATGATTCACAGTTGCCTAAGGATCGATTTTCTGCAGAGAGGCTCAAAGGAGTAGACTCCACTCTCAAGATCCAACCTGCAAAGCTTGAGGACTCGGCCGTGTATCTCTGTGCCAGCAGCTTAGTCACAGGGGGCCCAGATACGCAGTATTTTGGCCCAGGCACCCGGCTGACAGTGCTCGAGGACCTGAAGAACGTGTTCCC,eagvaqsprykiiekrqsvafwcnpI,SGRAT,LYWYQQILGQGPKLLIQ,FQNNGV,VDDSQLPKDRFSAERLKGVDSTLKIQPAKLEDSAVYLC,ASSLVTGGPDTQY,FGPGTRLTVL
IL15_REP_TIL_r,A504-A712,2,CASSLVTGGPDTQYF,TRBV11-2*03,TRBJ2-3*01,TRBC2,eagvaqsprykiiekrqsvafwcnpISGHNTLYWYQQILGQGPKLLIQFQNNGVVDDSQLPKDRFSAERLKGVDSTLKIQPAKLEDSAVYLCASSLVTGGPDTQYFGPGTRLTVLEDLKNVF,CTATTTCTGGCCACAATACCCTTTACTGGTACCAGCAGATCCTGGGACAGGGCCCAAAGCTTCTGATTCAGTTTCAGAATAACGGTGTAGTGGATGATTCACAGTTGCCTAAGGATCGATTTTCTGCAGAGAGGCTCAAAGGAGTAGACTCCACTCTCAAGATCCAACCTGCAAAGCTTGAGGACTCGGCCGTGTATCTCTGTGCCAGCAGCTTAGTCACAGGGGGCCCAGATACGCAGTATTTTGGCCCAGGCACCCGGCTGACAGTGCTCGAGGACCTGAAAAACGTGTTCCC,eagvaqsprykiiekrqsvafwcnpI,SGHNT,LYWYQQILGQGPKLLIQ,FQNNGV,VDDSQLPKDRFSAERLKGVDSTLKIQPAKLEDSAVYLC,ASSLVTGGPDTQY,FGPGTRLTVL
IL15_REP_TIL_r,A504-A712,2,CASSLAGNNEQFF,TRBV7-2*01,TRBJ2-1*01,TRBC2,gagvsqspsnkvtekgkdvelrcdpiSGHTALYWYRQSLGQGLEFLIYFQGNSAPDKSGLPSDRFSAERTGGSVSTLTIQRTQQEDSAVYLCASSLAGNNEQFFGPGTRLTVLEDLKNVF,TTCAGGTCATACTGCCCTTTACTGGTACCGACAGAGCCTGGGGCAGGGCCTGGAGTTTTTAATTTACTTCCAAGGCAACAGTGCACCAGACAAATCAGGGCTGCCCAGTGATCGCTTCTCTGCAGAGAGGACTGGGGGATCCGTCTCCACTCTGACGATCCAGCGCACACAGCAGGAGGACTCGGCCGTGTATCTCTGTGCCAGCAGCTTAGCGGGGAACAATGAGCAGTTCTTCGGGCCAGGGACACGGCTCACCGTGCTAGAGGACCTGAAAAACGTGTTCCC,gagvsqspsnkvtekgkdvelrcdpi,SGHTA,LYWYRQSLGQGLEFLIY,FQGNSA,PDKSGLPSDRFSAERTGGSVSTLTIQRTQQEDSAVYLC,ASSLAGNNEQF,FGPGTRLTVL
IL15_REP_TIL_r,A504-A712,2,CASSPASTVYNEKLFF,TRBV27*01,TRBJ1-4*01,TRBC1,eaqvtqnprylitvtgkkltvtcsQNMNHEYMSWYRQDPGLGLRQNYYSMNVEVTDKGDVPEGYKVSRKEKRNFPLILESPSPNQTSLYFCASSPASTVYNEKLFFGSGTQLSVLEDLNKVF,CAGAATATGAACCATGAGTATATGTCCTGGTATCGACAAGACCCAGGGCTGGGCTTAAGGCAGAACTACTATTCAATGAATGTTGAGGTGACTGATAAGGGAGATGTTCCTGAAGGGTACAAAGTCTCTCGAAAAGAGAAGAGGAATTTCCCCCTGATCCTGGAGTCGCCCAGCCCCAACCAGACCTCTCTGTACTTCTGTGCCAGCAGTCCAGCCTCGACAGTCTATAATGAAAAACTGTTTTTTGGCAGTGGAACCCAGCTCTCTGTCTTGGAGGACCTGAACAAGGTGTTCCC,eaqvtqnprylitvtgkkltvtcsQN,MNHEY,MSWYRQDPGLGLRQNYY,SMNVEV,TDKGDVPEGYKVSRKEKRNFPLILESPSPNQTSLYFC,ASSPASTVYNEKLF,FGSGTQLSVL
IL15_REP_TIL_r,A504-A712,2,CASGGGEAGFSPLHF,TRBV9*01,TRBJ1-6*02,TRBC1,dsgvtqtpkhlitatgqrvtlrcSPRSGDLSVYWYQQSLDQGLQFLIQYYNGEERAKGNILERFSAQQFPDLHSEQNLSSLELGDSALYFCASGGGEAGFSPLHFGNGTRLTVTEDLNKVF,TCCCCTAGGTCTGGAGACCTCTCTGTGTACTGGTACCAACAGAGCCTGGACCAGGGCCTCCAGTTCCTCATTCAGTATTATAATGGAGAAGAGAGAGCAAAAGGAAACATTCTTGAACGATTCTCCGCACAACAGTTCCCTGACTTGCACTCTGAACAAAACCTGAGCTCTCTGGAGCTGGGGGACTCAGCTTTGTATTTCTGTGCCAGCGGAGGCGGGGAGGCCGGGTTTTCACCCCTCCACTTTGGGAACGGGACCAGGCTCACTGTGACAGAGGACCTGAACAAGGTGTTCCC,dsgvtqtpkhlitatgqrvtlrcSPR,SGDLS,VYWYQQSLDQGLQFLIQ,YYNGEE,RAKGNILERFSAQQFPDLHSEQNLSSLELGDSALYFC,ASGGGEAGFSPLH,FGNGTRLTVT
IL15_REP_TIL_r,A504-A712,2,CAASGTSGADTQYF,TRBV30*01,TRBJ2-3*01,TRBC2,sqtihqwpatlvqpvgsplslecTVEGTSNPNLYWYRQAAGRGLQLLFYSVGIGQISSEVPQNLSASRPQDRQFILSSKRLLLSDSGFYLCAASGTSGADTQYFGPGTRLTVLEDLKNVF,GCACTGTGGAGGGAACATCAAACCCCAACCTATACTGGTACCGACAGGCTGCAGGCAGGGGCCTCCAGCTGCTCTTCTACTCCGTTGGTATTGGCCAGATCAGCTCTGAGGTGCCCCAGAATCTCTCAGCCTCCAGACCCCAGGACCGGCAGTTCATCCTGAGTTCTAAGAGGCTCCTTCTTAGTGACTCTGGCTTCTATCTCTGTGCCGCCTCCGGGACTAGCGGGGCAGATACGCAGTATTTTGGCCCAGGCACCCGGCTGACAGTGCTCGAGGACCTGAAAAACGTGTTCCC,sqtihqwpatlvqpvgsplslecTVE,GTSNPN,LYWYRQAAGRGLQLLFY,SVGIG,QISSEVPQNLSASRPQDRQFILSSKRLLLSDSGFYLC,AASGTSGADTQY,FGPGTRLTVL
IL15_REP_TIL_r,A504-A712,2,CAASGTSGADTQYF,TRBV30*01,TRBJ2-3*01,TRBC2,sqtihqwpatlvqpvgsplslecTVEGTSNPNLYWYRQAAGRGLQLLFYSVGIGQISSEVPQNLSASRPQDRQFILSSKKLPLSDSGFYLCAASGTSGADTQYFGPGTRLTVLEDLKNVF,GCACTGTGGAGGGAACATCAAACCCCAACCTATACTGGTACCGACAGGCTGCAGGCAGGGGCCTCCAGCTGCTCTTCTACTCCGTTGGTATTGGCCAGATCAGCTCTGAGGTGCCCCAGAATCTCTCAGCCTCCAGACCCCAGGACCGGCAGTTCATCCTGAGTTCTAAGAAGCTCCCTCTCAGCGACTCTGGCTTCTATCTCTGTGCCGCCTCCGGGACTAGCGGGGCAGATACGCAGTATTTTGGCCCAGGCACCCGGCTGACAGTGCTCGAGGACCTGAAAAACGTGTTCCC,sqtihqwpatlvqpvgsplslecTVE,GTSNPN,LYWYRQAAGRGLQLLFY,SVGIG,QISSEVPQNLSASRPQDRQFILSSKKLPLSDSGFYLC,AASGTSGADTQY,FGPGTRLTVL
IL15_REP_TIL_r,A504-A712,2,CASGGAEDTQYF,TRBV6-2*01,TRBJ2-3*01,TRBC2,nagvtqtpkfrvlktgqsmtllCAQDMNHEYMYWYRQDPGMGLRLIHYSVGEGTTAKGEVPDGYNVSRLKKQNFLLGLESAAPSQTSVYFCASGGAEDTQYFGPGTRLTVLEDLKNVF,TGTGTGCCCAGGATATGAACCATGAATACATGTACTGGTATCGACAAGACCCAGGCATGGGGCTGAGGCTGATTCATTACTCAGTTGGTGAGGGTACAACTGCCAAAGGAGAGGTCCCTGATGGCTACAATGTCTCCAGATTAAAAAAACAGAATTTCCTGCTGGGGTTGGAGTCGGCTGCTCCCTCCCAAACATCTGTGTACTTCTGTGCCAGCGGGGGTGCAGAGGATACGCAGTATTTTGGCCCAGGCACCCGGCTGACAGTGCTCGAGGACCTGAAAAACGTGTTCCC,nagvtqtpkfrvlktgqsmtllCAQD,MNHEY,MYWYRQDPGMGLRLIHY,SVGEGT,TAKGEVPDGYNVSRLKKQNFLLGLESAAPSQTSVYFC,ASGGAEDTQY,FGPGTRLTVL
