clonotype_id,frequency,proportion,cdr3s_aa,cdr3s_nt,inkt_evidence,mait_evidence
clonotype1,3068,0.5120160213618158,TRB:CASAGGTDTQYF;TRA:CAVRSLRRF;TRA:CVVTYTGKLIF,TRB:TGTGCCAGCGCGGGGGGTACAGATACGCAGTATTTT;TRA:TGTGCTGTGAGATCCTTACGGCGCTTT;TRA:TGTGTGGTGACCTACACAGGCAAACTAATCTTT,,
clonotype2,1565,0.2611815754339119,TRB:CASSEWSKGLQETQYF;TRA:CAMRDGNNRLAF,TRB:TGTGCCAGCAGTGAATGGAGTAAGGGACTTCAAGAGACCCAGTACTTC;TRA:TGTGCAATGAGAGATGGGAACAACAGACTCGCTTTT,TRB:gene,
clonotype3,105,0.017523364485981307,TRB:CASSQEVGSSYEQYF;TRB:CATSDPGTGDSYNSPLHF;TRA:CVVRKTGANNLFF,TRB:TGTGCCAGCAGCCAAGAGGTCGGCAGTTCCTACGAGCAGTACTTC;TRB:TGTGCCACCAGTGACCCCGGGACAGGGGACTCCTATAATTCACCCCTCCACTTT;TRA:TGTGTGGTGAGGAAAACTGGGGCAAACAACCTCTTCTTT,,
clonotype4,88,0.014686248331108143,TRB:CASSPLWGGSSYGYTF;TRA:CAENTGGGNKLTF,TRB:TGTGCCAGCAGCCCATTATGGGGAGGGTCGAGCTATGGCTACACCTTC;TRA:TGTGCAGAGAATACGGGAGGAGGAAACAAACTCACCTTT,,
clonotype5,70,0.011682242990654205,TRB:CASSLTGDPYGYTF;TRA:CAVPLDSSYKLIF;TRA:CAVRSLRRF,TRB:TGTGCCAGCAGTCTCACAGGGGATCCCTATGGCTACACCTTC;TRA:TGTGCTGTACCTCTGGATAGCAGCTATAAATTGATCTTC;TRA:TGTGCTGTGAGATCCTTACGGCGCTTT,,TRA:gene
clonotype6,55,0.009178905206942591,TRB:CASRAWTASNYGYTF;TRA:CAMRDGNNRLAF;TRA:CAMREGGNDMRF,TRB:TGTGCCAGTAGGGCATGGACAGCGAGTAACTATGGCTACACCTTC;TRA:TGTGCAATGAGAGATGGGAACAACAGACTCGCTTTT;TRA:TGTGCAATGAGAGAGGGTGGCAATGACATGCGCTTT,,
clonotype7,53,0.008845126835781042,TRB:CASSFGTGYGYTF;TRA:CGTEIRAAGNKLTF,TRB:TGTGCCAGCAGCTTCGGGACGGGATATGGCTACACCTTC;TRA:TGTGGCACAGAGATACGGGCTGCAGGCAACAAGCTAACTTTT,,
clonotype8,53,0.008845126835781042,TRB:CASSPASTVYNEKLFF;TRA:CAFLNSGNTPLVF,TRB:TGTGCCAGCAGTCCAGCCTCGACAGTCTATAATGAAAAACTGTTTTTT;TRA:TGTGCCTTCCTCAATTCAGGAAACACACCTCTTGTCTTT,,
clonotype9,52,0.008678237650200267,TRB:CASSQDLGSAYEQYF;TRA:CVVRSAGYSTLTF;TRA:CVVTYTGKLIF,TRB:TGTGCCAGCAGCCAAGATTTGGGGTCGGCGTACGAGCAGTACTTC;TRA:TGTGTGGTGAGGTCCGCAGGATACAGCACCCTCACCTTT;TRA:TGTGTGGTGACCTACACAGGCAAACTAATCTTT,,
clonotype10,44,0.007343124165554072,TRB:CSGGRLAGDQETQYF;TRA:CAVSNYNTDKLIF,TRB:TGCAGTGGGGGGAGGTTAGCGGGGGACCAAGAGACCCAGTACTTC;TRA:TGTGCTGTCTCGAATTATAACACCGACAAGCTCATCTTT,,TRB:gene
clonotype11,37,0.006174899866488652,TRB:CASSFEENTEAFF;TRA:CAVQAGWDSGNTPLVF,TRB:TGTGCCAGCAGCTTTGAGGAGAACACTGAAGCTTTCTTT;TRA:TGTGCTGTGCAGGCTGGATGGGATTCAGGAAACACACCTCTTGTCTTT,,
clonotype12,36,0.006008010680907877,TRB:CATSEGPSYEQYF;TRA:CVVLSNDYKLSF,TRB:TGTGCCACTTCTGAGGGGCCATCCTACGAGCAGTACTTC;TRA:TGTGTGGTCTTGTCTAACGACTACAAGCTCAGCTTT,,
clonotype13,30,0.005006675567423231,TRB:CASSPLAGEYNEQFF;TRA:CATGAQGNNRLAF,TRB:TGTGCCAGCAGCCCACTAGCGGGGGAGTACAATGAGCAGTTCTTC;TRA:TGTGCTACGGGGGCCCAGGGGAACAACAGACTCGCTTTT,,
clonotype14,30,0.005006675567423231,TRB:CASTQNTPGTYEQYF;TRA:CIVRGLYNQGGKLIF,TRB:TGTGCCAGTACCCAAAACACCCCGGGAACCTACGAGCAGTACTTC;TRA:TGCATCGTCAGAGGCCTTTATAACCAGGGAGGAAAGCTTATCTTC,,
clonotype15,27,0.004506008010680908,TRB:CASSQEVGSSYEQYF;TRB:CASSQVGTTGEQYF;TRA:CAAGGNSGYSTLTF,TRB:TGTGCCAGCAGCCAAGAGGTCGGCAGTTCCTACGAGCAGTACTTC;TRB:TGTGCCAGCAGCCAAGTGGGAACCACGGGCGAGCAGTACTTC;TRA:TGTGCCGCAGGGGGGAATTCAGGATACAGCACCCTCACCTTT,,
clonotype16,21,0.0035046728971962616,TRB:CASIGAGGHFDEQFF;TRA:CAASDTSGTYKYIF,TRB:TGTGCCAGCATCGGAGCGGGGGGGCATTTTGATGAGCAGTTCTTC;TRA:TGTGCAGCAAGCGATACCTCAGGAACCTACAAATACATCTTT,,
clonotype17,21,0.0035046728971962616,TRB:CASSYPSSGGPISSTDTQYF;TRA:CAFLMDSSYKLIF;TRA:CAVRSLRRF,TRB:TGTGCCAGCAGTTACCCGAGTAGCGGGGGCCCAATCTCTAGCACAGATACGCAGTATTTT;TRA:TGTGCTTTCTTGATGGATAGCAGCTATAAATTGATCTTC;TRA:TGTGCTGTGAGATCCTTACGGCGCTTT,,TRA:gene;TRB:gene
clonotype18,20,0.0033377837116154874,TRB:CASRPDSTTEAFF;TRA:CAADSWGKLQF;TRA:CAPGGGNDYKLSF,TRB:TGTGCCAGCAGACCGGACAGTACCACTGAAGCTTTCTTT;TRA:TGTGCAGCAGACAGCTGGGGGAAATTGCAGTTT;TRA:TGTGCCCCTGGGGGGGGTAACGACTACAAGCTCAGCTTT,,
clonotype19,20,0.0033377837116154874,TRB:CASSLDGDTGGAWETQYF;TRA:CAGAVQVDSNYQLIW;TRA:CAVDQTGANNLFF,TRB:TGTGCCAGCAGCTTAGATGGGGATACCGGGGGGGCCTGGGAGACCCAGTACTTC;TRA:TGTGCAGGAGCCGTCCAGGTGGATAGCAACTATCAGTTAATCTGG;TRA:TGTGCTGTTGATCAAACTGGGGCAAACAACCTCTTCTTT,,
clonotype20,16,0.0026702269692923898,TRB:CASSPGQGNTEAFF;TRA:CFHSGNTPLVF,TRB:TGTGCCAGCAGCCCAGGACAGGGCAACACTGAAGCTTTCTTT;TRA:TGTTTCCATTCAGGAAACACACCTCTTGTCTTT,,
clonotype21,15,0.0025033377837116156,TRB:CAWSVSAAYSNQPQHF;TRA:CAVQGNRDDKIIF,TRB:TGTGCCTGGAGTGTATCGGCAGCTTATAGCAATCAGCCCCAGCATTTT;TRA:TGTGCTGTGCAGGGGAACAGAGATGACAAGATCATCTTT,,
clonotype22,12,0.0020026702269692926,TRB:CASSPDSADEQFF;TRA:CAESWDTGRRALTF,TRB:TGCGCCAGCAGCCCCGACAGTGCCGATGAGCAGTTCTTC;TRA:TGTGCAGAGAGCTGGGACACGGGCAGGAGAGCACTTACTTTT,,
clonotype23,12,0.0020026702269692926,TRB:CASSQDLRTDYEQYF;TRA:CATDTTDSWGKLQF,TRB:TGCGCCAGCAGCCAAGATCTAAGGACAGACTACGAGCAGTACTTC;TRA:TGTGCTACGGATACAACTGACAGCTGGGGGAAATTGCAGTTT,,
clonotype24,12,0.0020026702269692926,TRB:CASSPIWDSNQPQHF;TRA:CATALSMDSSYKLIF,TRB:TGTGCCAGCAGCCCGATTTGGGATAGCAATCAGCCCCAGCATTTT;TRA:TGTGCTACGGCCCTTTCGATGGATAGCAGCTATAAATTGATCTTC,,TRB:gene
clonotype25,12,0.0020026702269692926,TRB:CASSYLGGANTGELFF;TRA:CAVTSYSSASKIIF,TRB:TGTGCCAGCAGTTACCTGGGGGGGGCGAACACCGGGGAGCTGTTTTTT;TRA:TGTGCTGTGACTTCGTACAGCAGTGCTTCCAAGATAATCTTT,,TRB:gene
clonotype26,11,0.001835781041388518,TRB:CASSPDRLSHYGYTF;TRA:CAVISGSARQLTF;TRA:CAVNAQAAGNKLTF,TRB:TGCGCCAGCAGCCCTGACAGGCTAAGCCACTATGGCTACACCTTC;TRA:TGTGCTGTGATCTCTGGTTCTGCAAGGCAACTGACCTTT;TRA:TGTGCCGTGAATGCGCAAGCTGCAGGCAACAAGCTAACTTTT,,
clonotype27,11,0.001835781041388518,TRB:CASSFGWGDNSPLHF;TRA:CAASGEGGGADGLTF,TRB:TGTGCCAGCAGCTTCGGGTGGGGCGATAATTCACCCCTCCACTTT;TRA:TGTGCAGCAAGCGGGGAGGGAGGAGGTGCTGACGGACTCACCTTT,,
clonotype28,11,0.001835781041388518,TRB:CASSLMNYGSGAGNEQFF;TRA:CAGGRRDSGGYQKVTF,TRB:TGTGCCAGTAGCCTTATGAACTACGGTAGCGGGGCTGGCAATGAGCAGTTCTTC;TRA:TGTGCCGGGGGGAGGAGGGATTCTGGGGGTTACCAGAAAGTTACCTTT,,
clonotype29,10,0.0016688918558077437,TRB:CASRAGGPYNEQFF;TRA:CAVRRISNFGNEKLTF,TRB:TGTGCCAGCAGGGCGGGGGGGCCATACAATGAGCAGTTCTTC;TRA:TGTGCTGTGAGGCGTATATCTAACTTTGGAAATGAGAAATTAACCTTT,,TRB:gene
clonotype30,10,0.0016688918558077437,TRB:CASSLFGQGDSEAFF;TRA:CAVKECQAGTALIF;TRA:CAVRDLYNFNKFYF,TRB:TGTGCCAGCAGTTTATTCGGGCAGGGTGATTCCGAAGCTTTCTTT;TRA:TGTGCCGTGAAAGAGTGTCAGGCAGGAACTGCTCTGATCTTT;TRA:TGTGCTGTGAGAGACCTATACAACTTCAACAAATTTTACTTT,,
clonotype31,10,0.0016688918558077437,TRB:CASSDSLGTGTDTQYF;TRA:CAVRELGGATNKLIF;TRA:CVNPSGGYNKLIF,TRB:TGTGCCAGCAGTGACTCGTTAGGGACAGGCACAGATACGCAGTATTTT;TRA:TGTGCTGTGAGAGAGCTCGGTGGTGCTACAAACAAGCTCATCTTT;TRA:TGTGTCAACCCTTCTGGTGGCTACAATAAGCTGATTTTT,,TRB:gene
clonotype32,9,0.0015020026702269693,TRB:CASLNYYGYTF;TRA:CAVNSGNNARLMF,TRB:TGTGCCAGCCTAAATTATTATGGCTACACCTTC;TRA:TGTGCCGTGAACTCCGGTAACAATGCCAGACTCATGTTT,,TRB:gene
clonotype33,9,0.0015020026702269693,TRB:CASSQDRTMPYGYTF;TRA:CAAAYSGGGADGLTF,TRB:TGCGCCAGCAGCCAAGATAGAACCATGCCCTATGGCTACACCTTC;TRA:TGTGCAGCAGCCTATTCAGGAGGAGGTGCTGACGGACTCACCTTT,,
clonotype34,8,0.0013351134846461949,TRA:CVVTYTGKLIF,TRA:TGTGTGGTGACCTACACAGGCAAACTAATCTTT,,
clonotype35,8,0.0013351134846461949,TRB:CASSLEQTYEQYF;TRA:CAAAYSGAGSYQLTF,TRB:TGTGCCAGCAGCTTAGAACAGACTTACGAGCAGTACTTC;TRA:TGTGCTGCCGCATACTCTGGGGCTGGGAGTTACCAACTCACTTTC,,
clonotype36,8,0.0013351134846461949,TRB:CASSPPDLDTQYF;TRA:CAVLNTGGFKTIF,TRB:TGTGCCAGCTCACCCCCAGATTTAGATACGCAGTATTTT;TRA:TGTGCTGTTCTGAATACTGGAGGCTTCAAAACTATCTTT,,
clonotype37,8,0.0013351134846461949,TRB:CASSTLTVSYEQYF;TRA:CAVNVDSSYKLIF,TRB:TGTGCCAGTAGTACCCTGACAGTTAGCTACGAGCAGTACTTC;TRA:TGTGCCGTGAACGTGGATAGCAGCTATAAATTGATCTTC,,
clonotype38,8,0.0013351134846461949,TRA:CAMRDGNNRLAF,TRA:TGTGCAATGAGAGATGGGAACAACAGACTCGCTTTT,,
clonotype39,7,0.0011682242990654205,TRB:CASLQTGGGEQYF;TRA:CAASEEKLVF;TRA:CAVEVLLYNFNKFYF,TRB:TGTGCCAGCCTCCAAACAGGGGGCGGCGAGCAGTACTTC;TRA:TGTGCAGCAAGTGAGGAGAAACTTGTATTT;TRA:TGTGCTGTGGAGGTTCTCTTATACAACTTCAACAAATTTTACTTT,,TRB:gene
clonotype40,7,0.0011682242990654205,TRB:CASIPTGNTEAFF;TRA:CAANLYGGSQGNLIF,TRB:TGTGCCAGCATTCCGACAGGGAACACTGAAGCTTTCTTT;TRA:TGTGCAGCAAATCTCTATGGAGGAAGCCAAGGAAATCTCATCTTT,,TRB:gene
clonotype41,7,0.0011682242990654205,TRB:CASSLTSAAGELFF;TRA:CAVGDNFNKFYF,TRB:TGTGCCAGCAGTCTCACTAGCGCGGCCGGGGAGCTGTTTTTT;TRA:TGTGCTGTGGGGGACAACTTCAACAAATTTTACTTT,,
clonotype42,7,0.0011682242990654205,TRB:CASSLGQSTDTQYF;TRA:CIVRVADGTYKYIF,TRB:TGTGCCAGCAGCTTGGGACAGAGCACAGATACGCAGTATTTT;TRA:TGCATCGTCAGAGTCGCGGATGGAACCTACAAATACATCTTT,,
clonotype43,7,0.0011682242990654205,TRB:CASSTLTASYEQYF;TRA:CAASQNQAGTALIF;TRA:CAVNADSNYQLIW,TRB:TGTGCCAGTAGTACCCTTACAGCGTCCTACGAGCAGTACTTC;TRA:TGTGCAGCAAGTCAGAACCAGGCAGGAACTGCTCTGATCTTT;TRA:TGTGCCGTGAACGCGGATAGCAACTATCAGTTAATCTGG,,
clonotype44,6,0.0010013351134846463,TRB:CASSWAYNEQFF;TRA:CIVRNSGYALNF,TRB:TGTGCCAGCAGCTGGGCCTACAATGAGCAGTTCTTC;TRA:TGCATCGTCAGGAATTCCGGGTATGCACTCAACTTC,,
clonotype45,6,0.0010013351134846463,TRB:CASRPGGYGYTF;TRA:CATPGATGTASKLTF,TRB:TGTGCCAGCAGGCCTGGGGGCTATGGCTACACCTTC;TRA:TGTGCAACCCCCGGGGCTACCGGCACTGCCAGTAAACTCACCTTT,,TRB:gene
clonotype46,6,0.0010013351134846463,TRB:CASSLNSGEQYF;TRA:CALISGTYKYIF,TRB:TGTGCCAGCAGCTTGAACAGTGGCGAGCAGTACTTC;TRA:TGTGCTCTGATCTCGGGAACCTACAAATACATCTTT,,
clonotype47,6,0.0010013351134846463,TRB:CATSRGGGWNEQYF;TRA:CALSGLTPTQGGSEKLVF,TRB:TGTGCCACCAGCAGAGGGGGAGGGTGGAACGAGCAGTACTTC;TRA:TGTGCTCTGAGTGGGCTGACCCCAACTCAGGGCGGATCTGAAAAGCTGGTCTTT,,
clonotype48,6,0.0010013351134846463,TRB:CASGGGEAGFSPLHF;TRA:CAVSVEGSNYKLTF,TRB:TGTGCCAGCGGAGGCGGGGAGGCCGGGTTTTCACCCCTCCACTTT;TRA:TGTGCTGTGAGTGTGGAAGGTAGCAACTATAAACTGACATTT,,
clonotype49,6,0.0010013351134846463,TRB:CASRLPDWAYGYTF;TRA:CVVSPTGTASKLTF,TRB:TGTGCCAGCAGGCTCCCGGACTGGGCCTATGGCTACACCTTC;TRA:TGTGTGGTGTCTCCGACCGGCACTGCCAGTAAACTCACCTTT,,
clonotype50,6,0.0010013351134846463,TRB:CASSPKVGGRRTDTQYF;TRA:CAMREVSGAGSYQLTF,TRB:TGTGCCAGCAGTCCAAAGGTGGGGGGACGCCGCACAGATACGCAGTATTTT;TRA:TGTGCAATGAGAGAGGTGTCTGGGGCTGGGAGTTACCAACTCACTTTC,,
clonotype51,5,0.0008344459279038719,TRB:CSVYYTEAFF;TRA:CAGATHSGYALNF,TRB:TGCAGCGTCTATTACACTGAAGCTTTCTTT;TRA:TGTGCAGGAGCAACCCATTCCGGGTATGCACTCAACTTC,,
clonotype52,5,0.0008344459279038719,TRB:CASSFMGGTYEQYF;TRA:CAVTYGQNFVF,TRB:TGTGCCAGCAGCTTCATGGGGGGGACCTACGAGCAGTACTTC;TRA:TGTGCCGTGACCTATGGTCAGAATTTTGTCTTT,,
clonotype53,5,0.0008344459279038719,TRB:CASSHGGTEAFF;TRA:CAFMDSNYQLIW,TRB:TGTGCCAGCAGTCACGGTGGCACTGAAGCTTTCTTT;TRA:TGTGCCTTTATGGATAGCAACTATCAGTTAATCTGG,,
clonotype54,5,0.0008344459279038719,TRB:CASSGLGIEKLFF;TRA:CAARGYGGATNKLIF,TRB:TGTGCCAGCAGTGGGCTAGGGATAGAAAAACTGTTTTTT;TRA:TGTGCAGCAAGGGGGTATGGTGGTGCTACAAACAAGCTCATCTTT,,
clonotype55,5,0.0008344459279038719,TRB:CANTEAGTYEQYF;TRA:CVVPAGGSARQLTF,TRB:TGTGCCAACACTGAAGCGGGGACCTACGAGCAGTACTTC;TRA:TGTGTGGTCCCAGCGGGGGGTTCTGCAAGGCAACTGACCTTT,,
clonotype56,5,0.0008344459279038719,TRB:CASSLGQGNTEAFF;TRA:CATSSGSRLTF,TRB:TGCGCCAGCAGCTTGGGACAGGGGAACACTGAAGCTTTCTTT;TRA:TGTGCCACGTCCAGTGGCTCTAGGTTGACCTTT,,
clonotype57,5,0.0008344459279038719,TRB:CASSPTGLSYEQYF;TRA:CAALDNQGGKLIF,TRB:TGCGCCAGCAGCCCGACAGGGCTCTCCTACGAGCAGTACTTC;TRA:TGTGCAGCATTAGATAACCAGGGAGGAAAGCTTATCTTC,,
clonotype58,5,0.0008344459279038719,TRB:CARQTGQGENTQYF;TRA:CALESNDYKLSF,TRB:TGTGCCAGGCAGACTGGACAGGGGGAAAATACGCAGTATTTT;TRA:TGTGCTCTCGAATCTAACGACTACAAGCTCAGCTTT,,
clonotype59,5,0.0008344459279038719,TRB:CASSPTVGSSYEQYF;TRA:CAVEDFLGTGANNLFF,TRB:TGCGCCAGCAGCCCTACGGTAGGGAGCTCCTACGAGCAGTACTTC;TRA:TGTGCTGTGGAGGATTTTTTGGGGACTGGGGCAAACAACCTCTTCTTT,,
clonotype60,5,0.0008344459279038719,TRB:CASSPLWGGENYGYTF;TRA:CAENPGGGNKLTF,TRB:TGTGCCAGCAGTCCCTTATGGGGGGGTGAAAACTATGGCTACACCTTC;TRA:TGTGCAGAGAACCCGGGAGGAGGAAACAAACTCACCTTT,,
clonotype61,5,0.0008344459279038719,TRB:CASSFFSGGAGNEQFF;TRA:CLVGDKTAPQMDSSYKLIF,TRB:TGTGCCAGCAGCTTTTTCAGCGGGGGGGCGGGGAATGAGCAGTTCTTC;TRA:TGCCTCGTGGGTGACAAGACCGCCCCCCAGATGGATAGCAGCTATAAATTGATCTTC,,
clonotype62,5,0.0008344459279038719,TRB:CASSQETGSSYEQYF;TRA:CAVPFPLVSGGYNKLIF;TRA:CVERKGGYNKLIF,TRB:TGTGCCAGCAGCCAAGAAACGGGCAGCTCCTACGAGCAGTACTTC;TRA:TGTGCCGTGCCCTTCCCTCTGGTTTCTGGTGGCTACAATAAGCTGATTTTT;TRA:TGTGTGGAACGGAAGGGTGGCTACAATAAGCTGATTTTT,,
clonotype63,5,0.0008344459279038719,TRB:CASSPAMGSEIERAFF;TRA:CAVRDMYNNARLMF,TRB:TGTGCCAGCAGCCCTGCAATGGGTTCAGAGATTGAGAGGGCTTTCTTT;TRA:TGTGCTGTGAGAGACATGTATAACAATGCCAGACTCATGTTT,,
clonotype64,4,0.0006675567423230974,TRB:CATSTPGDTQYF;TRA:CVVKNTGGFKTIF,TRB:TGTGCCACCAGCACACCGGGAGATACGCAGTATTTT;TRA:TGTGTGGTGAAAAATACTGGAGGCTTCAAAACTATCTTT,,
clonotype65,4,0.0006675567423230974,TRB:CASSPGNTEAFF;TRA:CAPQRGGYNKLIF,TRB:TGCGCCAGCAGCCCAGGAAACACTGAAGCTTTCTTT;TRA:TGTGCCCCCCAAAGGGGAGGCTACAATAAGCTGATTTTT,,
clonotype66,4,0.0006675567423230974,TRB:CASSGQTNYGYTF;TRA:CAGKGYSTLTF,TRB:TGTGCCAGCAGTGGACAGACTAACTATGGCTACACCTTC;TRA:TGTGCCGGGAAGGGATACAGCACCCTCACCTTT,,
clonotype67,4,0.0006675567423230974,TRB:CASSDQKGQPQHF;TRA:CAFMTGGLISNFGNEKLTF,TRB:TGTGCCAGCAGTGACCAAAAGGGACAGCCCCAGCATTTT;TRA:TGTGCTTTCATGACCGGTGGGCTTATATCTAACTTTGGAAATGAGAAATTAACCTTT,,
clonotype68,4,0.0006675567423230974,TRB:CASSFTGANQPQHF;TRA:CAFMKGAGGGSEKLVF,TRB:TGTGCCAGCAGCTTCACAGGGGCCAATCAGCCCCAGCATTTT;TRA:TGTGCTTTCATGAAGGGGGCCGGGGGCGGATCTGAAAAGCTGGTCTTT,,
clonotype69,4,0.0006675567423230974,TRB:CASAGGTDTQYF;TRB:CASSLERFQETQYF;TRA:CAASDQNTGNQFYF,TRB:TGTGCCAGCGCGGGGGGTACAGATACGCAGTATTTT;TRB:TGTGCCAGCAGCTTAGAAAGGTTTCAAGAGACCCAGTACTTC;TRA:TGTGCAGCAAGCGATCAGAACACCGGTAACCAGTTCTATTTT,,
clonotype70,4,0.0006675567423230974,TRB:CASSHPLGTGGQEQYF;TRA:CAGGDGNKLVF,TRB:TGCGCCAGCAGCCATCCCCTCGGGACAGGGGGACAGGAGCAGTACTTC;TRA:TGTGCAGGGGGGGATGGAAACAAACTGGTCTTT,,
clonotype71,4,0.0006675567423230974,TRB:CASSEFWDRGQGEQFF;TRA:CAVRFGAGGTSYGKLTF,TRB:TGTGCCAGCAGTGAATTTTGGGACAGGGGCCAAGGGGAGCAGTTCTTC;TRA:TGTGCTGTCAGATTCGGGGCTGGTGGTACTAGCTATGGAAAGCTGACATTT,,TRB:gene
clonotype72,3,0.0005006675567423231,TRB:CAWSEHRAAFF;TRA:CAVSGAGGGSQGNLIF,TRB:TGTGCCTGGAGTGAACACCGGGCGGCTTTCTTT;TRA:TGTGCTGTGAGTGGGGCCGGGGGAGGAAGCCAAGGAAATCTCATCTTT,,
clonotype73,3,0.0005006675567423231,TRB:CASSVGWEQFF;TRA:CALSETGANNLFF;TRA:CAVANRKLIW,TRB:TGTGCCAGCAGCGTGGGTTGGGAGCAGTTCTTC;TRA:TGTGCTCTCTCTGAAACTGGGGCAAACAACCTCTTCTTT;TRA:TGTGCTGTGGCCAACCGTAAGCTGATTTGG,,
clonotype74,3,0.0005006675567423231,TRB:CAASGTSGADTQYF;TRB:CAGDSVGNNEQFF;TRA:CATDNNFGNEKLTF,TRB:TGTGCCGCCTCCGGGACTAGCGGGGCAGATACGCAGTATTTT;TRB:TGTGCCGGTGACTCCGTGGGGAACAATGAGCAGTTCTTC;TRA:TGTGCTACGGACAACAACTTTGGAAATGAGAAATTAACCTTT,,
clonotype75,3,0.0005006675567423231,TRB:CASSYGIGQPQHF;TRA:CAMSGFNDMRF,TRB:TGTGCCAGTAGTTATGGGATAGGCCAGCCCCAGCATTTT;TRA:TGTGCAATGAGCGGATTCAATGACATGCGCTTT,,
clonotype76,3,0.0005006675567423231,TRB:CASSFNEQYF;TRB:CASSQGAGHSSYEQYF;TRA:CAVRPTDSWGKLQF,TRB:TGCGCCAGCAGCTTCAACGAGCAGTACTTC;TRB:TGCGCCAGCAGCCAAGGGGCGGGGCACAGCTCCTACGAGCAGTACTTC;TRA:TGTGCTGTCCGGCCAACTGACAGCTGGGGGAAATTGCAGTTT,,
clonotype77,3,0.0005006675567423231,TRB:CASSYVDSSYEQYF;TRA:CAVVRWGNDMRF,TRB:TGTGCCAGCAGTTACGTGGACAGCTCCTACGAGCAGTACTTC;TRA:TGTGCCGTGGTCCGGTGGGGCAATGACATGCGCTTT,,TRB:gene
clonotype78,3,0.0005006675567423231,TRB:CASSNPGQGYEQYF;TRB:CATSDLRGYWHTGELFF;TRA:CAAGGGSEKLVF,TRB:TGCGCCAGCAGCAACCCGGGACAGGGATACGAGCAGTACTTC;TRB:TGTGCCACCAGTGATTTGCGAGGCTACTGGCACACCGGGGAGCTGTTTTTT;TRA:TGTGCGGCTGGGGGCGGATCTGAAAAGCTGGTCTTT,,
clonotype79,3,0.0005006675567423231,TRB:CASSGSSGRYEQYF;TRA:CAASMLSGGSYIPTF,TRB:TGCGCCAGCAGTGGGAGTTCAGGCCGATACGAGCAGTACTTC;TRA:TGTGCAGCAAGCATGTTATCAGGAGGAAGCTACATACCTACATTT,,
clonotype80,3,0.0005006675567423231,TRB:CASSTSAEGIYGYTF;TRA:CLVGGNYQLIW,TRB:TGTGCCAGCAGTACCTCCGCGGAGGGGATCTATGGCTACACCTTC;TRA:TGCCTCGTGGGGGGCAACTATCAGTTAATCTGG,,TRB:gene
clonotype81,3,0.0005006675567423231,TRB:CASSLDGEYNEQFF;TRA:CAEVRGGADGLTF,TRB:TGTGCCAGCAGCTTGGACGGGGAATACAATGAGCAGTTCTTC;TRA:TGTGCAGAGGTTCGAGGAGGTGCTGACGGACTCACCTTT,,
clonotype82,3,0.0005006675567423231,TRB:CATSPSTGSTDTQYF;TRA:CAESFMDSNYQLIW,TRB:TGTGCCACCAGCCCGTCGACGGGGAGCACAGATACGCAGTATTTT;TRA:TGTGCAGAGAGTTTCATGGATAGCAACTATCAGTTAATCTGG,,
clonotype83,3,0.0005006675567423231,TRB:CASSQETGSAYEQYF;TRA:CVVRGGGADGLTF,TRB:TGTGCCAGCAGCCAAGAAACAGGGTCCGCCTACGAGCAGTACTTC;TRA:TGTGTGGTCCGCGGAGGAGGTGCTGACGGACTCACCTTT,,
clonotype84,3,0.0005006675567423231,TRB:CASSEVNVGADTQYF;TRA:CAASISGGNNRLAF;TRA:CAGSPDSWGKLQF,TRB:TGTGCCAGCAGTGAAGTGAATGTCGGGGCAGATACGCAGTATTTT;TRA:TGTGCAGCAAGCATATCGGGTGGGAACAACAGACTCGCTTTT;TRA:TGTGCAGGTTCCCCTGACAGCTGGGGGAAATTGCAGTTT,,
clonotype85,3,0.0005006675567423231,TRB:CASSLPSPGTYGGYTF;TRA:CVVISSGTDKLIF,TRB:TGTGCCAGCAGCTTACCGTCCCCTGGGACCTATGGAGGCTACACCTTC;TRA:TGTGTGGTGATTTCATCCGGCACCGACAAGCTCATCTTT,,
clonotype86,3,0.0005006675567423231,TRB:CASSGTGFGPYNSPLHF;TRA:CAVGGSGGSNYKLTF,TRB:TGCGCCAGCAGCGGAACAGGGTTTGGACCCTATAATTCACCCCTCCACTTT;TRA:TGTGCCGTGGGGGGGAGTGGAGGTAGCAACTATAAACTGACATTT,,
clonotype87,3,0.0005006675567423231,TRB:CASSPGGRVFSGELFF;TRA:CAFMKEEGKLIF,TRB:TGTGCTAGCAGCCCCGGGGGCAGGGTCTTCTCCGGGGAGCTGTTTTTT;TRA:TGTGCTTTCATGAAAGAAGAAGGCAAACTAATCTTT,,
clonotype88,2,0.0003337783711615487,TRB:CASSEWGGGASGELFF;TRA:CAAVNDMRF,TRB:TGTGCCAGCAGTGAATGGGGCGGGGGGGCCTCCGGGGAGCTGTTTTTT;TRA:TGTGCAGCCGTCAATGACATGCGCTTT,TRB:gene,
clonotype89,2,0.0003337783711615487,TRB:CASGGANEQFF;TRA:CAVEDRPGFQKLVF,TRB:TGCGCCTCCGGGGGGGCCAATGAGCAGTTCTTC;TRA:TGTGCTGTGGAGGATCGGCCGGGCTTTCAGAAACTTGTATTT,,
clonotype90,2,0.0003337783711615487,TRB:CASSAPLDTQYF;TRA:CAVPTGKAAGNKLTF,TRB:TGTGCCAGCAGCGCCCCGCTAGATACGCAGTATTTT;TRA:TGTGCCGTGCCTACGGGGAAAGCTGCAGGCAACAAGCTAACTTTT,,
clonotype91,2,0.0003337783711615487,TRB:CASSVPVNTEAFF;TRA:CAGYSSNTGKLIF,TRB:TGTGCCAGCAGCGTTCCAGTGAACACTGAAGCTTTCTTT;TRA:TGTGCCGGGTACTCTAGCAACACAGGCAAACTAATCTTT,,
clonotype92,2,0.0003337783711615487,TRB:CASNDSPNTEAFF;TRA:CAVKGAGGTSYGKLTF,TRB:TGTGCCAGCAACGACAGTCCGAACACTGAAGCTTTCTTT;TRA:TGTGCTGTCAAGGGTGCTGGTGGTACTAGCTATGGAAAGCTGACATTT,,TRB:gene
clonotype93,2,0.0003337783711615487,TRB:CAISGGGVETQYF;TRA:CAPHTGGFKTIF;TRA:CAPLTSGGSYIPTF,TRB:TGTGCCATCAGTGGGGGGGGCGTCGAGACCCAGTACTTC;TRA:TGTGCTCCCCATACTGGAGGCTTCAAAACTATCTTT;TRA:TGTGCCCCCCTTACATCAGGAGGAAGCTACATACCTACATTT,,
clonotype94,2,0.0003337783711615487,TRB:CASSESQGYEQYF;TRA:CAVNSLYSGAGSYQLTF,TRB:TGTGCCAGCAGTGAGAGTCAGGGATACGAGCAGTACTTC;TRA:TGTGCCGTGAACTCCTTATACTCTGGGGCTGGGAGTTACCAACTCACTTTC,,TRB:gene
clonotype95,2,0.0003337783711615487,TRB:CASSLVTYNEQFF;TRA:CALSVSTNTGRRALTF,TRB:TGTGCCAGCAGTTTGGTAACCTACAATGAGCAGTTCTTC;TRA:TGTGCTCTGAGTGTTTCGACCAACACGGGCAGGAGAGCACTTACTTTT,,
clonotype96,2,0.0003337783711615487,TRB:CATIGTSGDNEQFF;TRA:CAVRDTGNQFYF,TRB:TGTGCCACCATCGGGACTAGCGGAGACAATGAGCAGTTCTTC;TRA:TGTGCCGTGAGGGACACCGGTAACCAGTTCTATTTT,,
clonotype97,2,0.0003337783711615487,TRB:CASRSWGSSYGYTF;TRA:CAGASNNDMRF,TRB:TGTGCCAGTAGGTCGTGGGGCAGCTCCTATGGCTACACCTTC;TRA:TGTGCAGGAGCGTCTAACAATGACATGCGCTTT,,
clonotype98,2,0.0003337783711615487,TRB:CASSLLGGQVGYTF;TRA:CAAISQETSGSRLTF,TRB:TGTGCCAGCAGTTTATTGGGCGGACAGGTGGGCTACACCTTC;TRA:TGTGCTGCGATCTCTCAAGAAACCAGTGGCTCTAGGTTGACCTTT,,
clonotype99,2,0.0003337783711615487,TRB:CAGRQGGPYNEQFF;TRA:CAFIPYSIQGAQKLVF;TRA:CAPVEDSNYQLIW,TRB:TGTGCCGGCCGGCAGGGAGGGCCCTACAATGAGCAGTTCTTC;TRA:TGTGCTTTCATTCCCTACTCAATTCAGGGAGCCCAGAAGCTGGTATTT;TRA:TGTGCCCCTGTGGAGGATAGCAACTATCAGTTAATCTGG,,
clonotype100,2,0.0003337783711615487,TRB:CASSGPGTGMGAFF;TRA:CAVRFPTGNQFYF,TRB:TGTGCCAGCAGCGGTCCCGGGACAGGGATGGGGGCTTTCTTT;TRA:TGTGCTGTCAGATTCCCCACCGGTAACCAGTTCTATTTT,,
clonotype101,2,0.0003337783711615487,TRB:CAWSKIGTGVGSTEAFF;TRA:CATVSMDSSYKLIF,TRB:TGTGCCTGGAGTAAAATAGGGACAGGGGTCGGAAGCACTGAAGCTTTCTTT;TRA:TGTGCTACGGTTTCTATGGATAGCAGCTATAAATTGATCTTC,,
clonotype102,2,0.0003337783711615487,TRB:CASSDSGTAFSPLHF;TRA:CALSSDGQKLLF;TRA:CVVTPSGGSYIPTF,TRB:TGTGCCAGCAGCGATTCCGGGACGGCCTTTTCACCCCTCCACTTT;TRA:TGTGCCCTAAGTTCAGATGGCCAGAAGCTGCTCTTT;TRA:TGTGTTGTCACCCCATCAGGAGGAAGCTACATACCTACATTT,,TRB:gene
clonotype103,2,0.0003337783711615487,TRB:CASSEWGTGFDTIYF;TRA:CAASEKTSYDKVIF,TRB:TGTGCCAGCAGTGAATGGGGGACAGGGTTCGACACCATATATTTT;TRA:TGTGCAGCAAGCGAAAAAACCTCCTACGACAAGGTGATATTT,TRB:gene,
clonotype104,2,0.0003337783711615487,TRB:CASSSPTGLPIGYTF;TRA:CAASDRDDKIIF,TRB:TGTGCCAGCAGTTCACCCACAGGTCTACCTATTGGCTACACCTTC;TRA:TGTGCAGCAAGCGACAGAGATGACAAGATCATCTTT,,
clonotype105,2,0.0003337783711615487,TRB:CASSAPGTSAYNEQFF;TRA:CAFIGDYNTDKLIF,TRB:TGTGCCAGCAGCGCCCCCGGGACTAGCGCCTACAATGAGCAGTTCTTC;TRA:TGTGCTTTCATCGGGGATTATAACACCGACAAGCTCATCTTT,,
clonotype106,2,0.0003337783711615487,TRB:CASSQDQGSAYEQYF;TRA:CVVRSGGYNKLIF,TRB:TGTGCCAGCAGCCAAGACCAGGGGAGCGCCTACGAGCAGTACTTC;TRA:TGTGTGGTGAGATCTGGTGGCTACAATAAGCTGATTTTT,,
clonotype107,2,0.0003337783711615487,TRB:CASSEWGGQGAVGYTF;TRA:CAETPYNQGGKLIF,TRB:TGTGCCAGCAGTGAATGGGGGGGGCAGGGGGCCGTTGGCTACACCTTC;TRA:TGTGCAGAGACCCCTTATAACCAGGGAGGAAAGCTTATCTTC,TRB:gene,
clonotype108,2,0.0003337783711615487,TRB:CASTPTQGPAKNIQYF;TRA:CALSAPYSGYALNF,TRB:TGTGCCAGCACCCCAACGCAGGGGCCAGCCAAAAACATTCAGTACTTC;TRA:TGTGCTCTGAGTGCCCCCTATTCCGGGTATGCACTCAACTTC,,
clonotype109,2,0.0003337783711615487,TRB:CASSTRTSGGVRTDTQYF;TRA:CAVNPTSGTYKYIF,TRB:TGTGCCAGCAGCACCAGGACTAGCGGGGGGGTACGGACAGATACGCAGTATTTT;TRA:TGTGCCGTGAATCCCACCTCAGGAACCTACAAATACATCTTT,,
clonotype110,2,0.0003337783711615487,TRB:CASSLHSSYEQYF;TRA:CAVSELPGNQFYF,TRB:TGTGCCAGCAGCTTACACAGCTCCTACGAGCAGTACTTC;TRA:TGTGCTGTGAGTGAGCTCCCCGGTAACCAGTTCTATTTT,,
clonotype111,1,0.00016688918558077436,TRA:CAVRSLRRF,TRA:TGTGCTGTGAGATCCTTACGGCGCTTT,,
clonotype112,1,0.00016688918558077436,TRA:CAVRSLRRF,TRA:TGTGCTGTGAGATCCTTACGGCGCTTT,,
clonotype113,1,0.00016688918558077436,TRA:CAVRSLRRF,TRA:TGTGCTGTGAGATCCTTACGGCGCTTT,,
clonotype114,1,0.00016688918558077436,TRA:CAVRSLRRF,TRA:TGTGCTGTGAGATCCTTACGGCGCTTT,,
clonotype115,1,0.00016688918558077436,TRA:CAVRSLRRF,TRA:TGTGCTGTGAGATCCTTACGGCGCTTT,,
clonotype116,1,0.00016688918558077436,TRA:CAVRSLRRF,TRA:TGTGCTGTGAGATCCTTACGGCGCTTT,,
clonotype117,1,0.00016688918558077436,TRA:CAVPLDSSYKLIF,TRA:TGTGCTGTACCTCTGGATAGCAGCTATAAATTGATCTTC,,TRA:gene
clonotype118,1,0.00016688918558077436,TRA:CAVPLDSSYKLIF,TRA:TGTGCTGTACCTCTGGATAGCAGCTATAAATTGATCTTC,,TRA:gene
clonotype119,1,0.00016688918558077436,TRB:CSANTGAEQFF;TRA:CAALGGANNLFF,TRB:TGCAGTGCTAATACAGGGGCCGAGCAGTTCTTC;TRA:TGTGCAGCATTAGGTGGGGCAAACAACCTCTTCTTT,,TRB:gene
clonotype120,1,0.00016688918558077436,TRB:CAWIDSFYEQYF,TRB:TGTGCCTGGATCGACAGTTTCTACGAGCAGTACTTC,,
clonotype121,1,0.00016688918558077436,TRB:CATSGTSGGASYNEQFF;TRB:CAWIDSFYEQYF;TRA:CALASGSARQLTF;TRA:CAVTGSARQLTF,TRB:TGTGCCACCAGTGGGACTAGCGGGGGGGCCTCCTACAATGAGCAGTTCTTC;TRB:TGTGCCTGGATCGACAGTTTCTACGAGCAGTACTTC;TRA:TGTGCTCTAGCCTCTGGTTCTGCAAGGCAACTGACCTTT;TRA:TGTGCTGTGACTGGTTCTGCAAGGCAACTGACCTTT,,
clonotype122,1,0.00016688918558077436,TRB:CAWIDSFYEQYF;TRA:CAVTGSARQLTF,TRB:TGTGCCTGGATCGACAGTTTCTACGAGCAGTACTTC;TRA:TGTGCTGTGACTGGTTCTGCAAGGCAACTGACCTTT,,
clonotype123,1,0.00016688918558077436,TRB:CASGGANEQFF,TRB:TGCGCCTCCGGGGGGGCCAATGAGCAGTTCTTC,,
clonotype124,1,0.00016688918558077436,TRB:CASGGANEQFF,TRB:TGCGCCTCCGGGGGGGCCAATGAGCAGTTCTTC,,
clonotype125,1,0.00016688918558077436,TRB:CSAGGAEYNEQFF;TRA:CAVSAFDSWGKLQF,TRB:TGCAGTGCCGGGGGCGCGGAATACAATGAGCAGTTCTTC;TRA:TGTGCTGTGAGCGCGTTTGACAGCTGGGGGAAATTGCAGTTT,,TRB:gene
clonotype126,1,0.00016688918558077436,TRB:CAWSEASSYEQYF;TRA:CAARPTDKLIF,TRB:TGTGCCTGGAGCGAGGCCAGCTCCTACGAGCAGTACTTC;TRA:TGTGCAGCACGTCCCACCGACAAGCTCATCTTT,,
clonotype127,1,0.00016688918558077436,TRB:CASRPGGYGYTF,TRB:TGTGCCAGCAGGCCTGGGGGCTATGGCTACACCTTC,,TRB:gene
clonotype128,1,0.00016688918558077436,TRB:CASRPGGYGYTF,TRB:TGTGCCAGCAGGCCTGGGGGCTATGGCTACACCTTC,,TRB:gene
clonotype129,1,0.00016688918558077436,TRB:CAWSVHVIWAEAFF,TRB:TGTGCCTGGAGTGTACACGTGATTTGGGCTGAAGCTTTCTTT,,
clonotype130,1,0.00016688918558077436,TRB:CAWSVGKGVSEAFF,TRB:TGTGCCTGGAGTGTCGGAAAGGGAGTTTCTGAAGCTTTCTTT,,
clonotype131,1,0.00016688918558077436,TRB:CSVDSEGSYNEQFF,TRB:TGCAGTGTTGATAGCGAGGGCTCCTACAATGAGCAGTTCTTC,,TRB:gene
clonotype132,1,0.00016688918558077436,TRB:CSVDSEGSYNEQFF,TRB:TGCAGTGTTGATAGCGAGGGCTCCTACAATGAGCAGTTCTTC,,TRB:gene
clonotype133,1,0.00016688918558077436,TRB:CASSWAYNEQFF,TRB:TGTGCCAGCAGCTGGGCCTACAATGAGCAGTTCTTC,,
clonotype134,1,0.00016688918558077436,TRB:CASSWAYNEQFF,TRB:TGTGCCAGCAGCTGGGCCTACAATGAGCAGTTCTTC,,
clonotype135,1,0.00016688918558077436,TRB:CASSAPLDTQYF,TRB:TGTGCCAGCAGCGCCCCGCTAGATACGCAGTATTTT,,
clonotype136,1,0.00016688918558077436,TRB:CASSAPLDTQYF,TRB:TGTGCCAGCAGCGCCCCGCTAGATACGCAGTATTTT,,
clonotype137,1,0.00016688918558077436,TRB:CRAEEGGAGYEQFF;TRA:CAVWGSTLGRLYF,TRB:TGCAGGGCCGAAGAAGGGGGGGCCGGGTATGAGCAGTTCTTC;TRA:TGTGCTGTGTGGGGCTCAACCCTGGGGAGGCTATACTTT,,TRB:gene
clonotype138,1,0.00016688918558077436,TRB:CAWSLRFPDNEQFF;TRA:CAVFEDSSYKLIF,TRB:TGTGCCTGGAGTCTGCGTTTCCCGGACAATGAGCAGTTCTTC;TRA:TGTGCTGTGTTCGAGGATAGCAGCTATAAATTGATCTTC,,
clonotype139,1,0.00016688918558077436,TRB:CASSQDTGSAYEQFF;TRB:CSALDRVNTGELFF;TRA:CVVRSGGYNKLIF,TRB:TGTGCCAGCAGCCAAGATACCGGTAGCGCCTATGAGCAGTTCTTC;TRB:TGCAGTGCTCTGGACAGGGTCAACACCGGGGAGCTGTTTTTT;TRA:TGTGTGGTCCGTTCTGGTGGCTACAATAAGCTGATTTTT,,TRB:gene
clonotype140,1,0.00016688918558077436,TRB:CASRVGGQPQHF;TRA:CAVSYNYGQNFVF;TRA:CAYRSLFSGSARQLTF,TRB:TGTGCCAGTAGGGTTGGAGGGCAGCCCCAGCATTTT;TRA:TGTGCTGTGAGCTATAACTATGGTCAGAATTTTGTCTTT;TRA:TGTGCTTATAGGAGCTTATTCTCTGGTTCTGCAAGGCAACTGACCTTT,,
clonotype141,1,0.00016688918558077436,TRB:CASSYTSYEQYF;TRA:CAESKSNTGKLIF,TRB:TGTGCCAGCAGTTACACCTCCTACGAGCAGTACTTC;TRA:TGTGCAGAGAGTAAAAGCAACACAGGCAAACTAATCTTT,,TRB:gene
clonotype142,1,0.00016688918558077436,TRB:CASGGAEDTQYF;TRA:CAVSYGGYSTLTF,TRB:TGTGCCAGCGGGGGTGCAGAGGATACGCAGTATTTT;TRA:TGTGCTGTGAGTTATGGAGGATACAGCACCCTCACCTTT,,TRB:gene
clonotype143,1,0.00016688918558077436,TRB:CSVVGGQGPSGYTF;TRA:CALHIPSNTGKLIF,TRB:TGCAGCGTGGTAGGGGGACAGGGTCCATCTGGCTACACCTTC;TRA:TGTGCTCTGCATATTCCTAGCAACACAGGCAAACTAATCTTT,,
clonotype144,1,0.00016688918558077436,TRB:CASSPIGGAFF;TRA:CAAPGGANSKLTF;TRA:CATDKGGIQGAQKLVF,TRB:TGTGCCAGCTCACCGATCGGTGGGGCTTTCTTT;TRA:TGTGCAGCACCCGGAGGTGCCAATAGTAAGCTGACATTT;TRA:TGTGCTACGGACAAGGGGGGAATTCAGGGAGCCCAGAAGCTGGTATTT,,
clonotype145,1,0.00016688918558077436,TRB:CASSLGSEAFF;TRA:CALSEVSGTYKYIF,TRB:TGTGCCAGCAGCCTGGGCAGTGAAGCTTTCTTT;TRA:TGTGCTCTGAGTGAGGTCTCAGGAACCTACAAATACATCTTT,,
clonotype146,1,0.00016688918558077436,TRB:CSGGRLAGDQETQYF,TRB:TGCAGTGGGGGGAGGTTAGCGGGGGACCAAGAGACCCAGTACTTC,,TRB:gene
clonotype147,1,0.00016688918558077436,TRB:CSGGRLAGDQETQYF,TRB:TGCAGTGGGGGGAGGTTAGCGGGGGACCAAGAGACCCAGTACTTC,,TRB:gene
clonotype148,1,0.00016688918558077436,TRB:CSGGRLAGDQETQYF,TRB:TGCAGTGGGGGGAGGTTAGCGGGGGACCAAGAGACCCAGTACTTC,,TRB:gene
clonotype149,1,0.00016688918558077436,TRB:CSGGRLAGDQETQYF,TRB:TGCAGTGGGGGGAGGTTAGCGGGGGACCAAGAGACCCAGTACTTC,,TRB:gene
clonotype150,1,0.00016688918558077436,TRB:CSGGRLAGDQETQYF,TRB:TGCAGTGGGGGGAGGTTAGCGGGGGACCAAGAGACCCAGTACTTC,,TRB:gene
clonotype151,1,0.00016688918558077436,TRB:CASSFEENTEAFF,TRB:TGTGCCAGCAGCTTTGAGGAGAACACTGAAGCTTTCTTT,,
clonotype152,1,0.00016688918558077436,TRB:CASSFEENTEAFF,TRB:TGTGCCAGCAGCTTTGAGGAGAACACTGAAGCTTTCTTT,,
clonotype153,1,0.00016688918558077436,TRB:CASSDRGRSSYEQYF;TRB:CASSYAAYTEAFF;TRA:CAVSEGAGGGNKLTF,TRB:TGTGCCAGCAGTGACAGGGGCCGGAGCTCCTACGAGCAGTACTTC;TRB:TGTGCCAGCAGTTACGCAGCCTACACTGAAGCTTTCTTT;TRA:TGTGCTGTGAGTGAGGGGGCGGGAGGAGGAAACAAACTCACCTTT,,TRB:gene
clonotype154,1,0.00016688918558077436,TRB:CASGRGTYTEAFF;TRA:CAASAGNAGNMLTF,TRB:TGTGCCAGCGGGCGGGGGACCTACACTGAAGCTTTCTTT;TRA:TGTGCAGCAAGCGCGGGGAATGCAGGCAACATGCTCACCTTT,,TRB:gene
clonotype155,1,0.00016688918558077436,TRA:CVVNEFTGGFKTIF,TRA:TGTGTGGTGAACGAGTTCACTGGAGGCTTCAAAACTATCTTT,,
clonotype156,1,0.00016688918558077436,TRB:CASSFGTGYGYTF,TRB:TGTGCCAGCAGCTTCGGGACGGGATATGGCTACACCTTC,,
clonotype157,1,0.00016688918558077436,TRB:CASSFGTGYGYTF,TRB:TGTGCCAGCAGCTTCGGGACGGGATATGGCTACACCTTC,,
clonotype158,1,0.00016688918558077436,TRB:CASSFGTGYGYTF,TRB:TGTGCCAGCAGCTTCGGGACGGGATATGGCTACACCTTC,,
clonotype159,1,0.00016688918558077436,TRB:CASSFGTGYGYTF,TRB:TGTGCCAGCAGCTTCGGGACGGGATATGGCTACACCTTC,,
clonotype160,1,0.00016688918558077436,TRB:CASSLEQTYEQYF,TRB:TGTGCCAGCAGCTTAGAACAGACTTACGAGCAGTACTTC,,
clonotype161,1,0.00016688918558077436,TRB:CASSLEQTYEQYF,TRB:TGTGCCAGCAGCTTAGAACAGACTTACGAGCAGTACTTC,,
clonotype162,1,0.00016688918558077436,TRB:CASSLEQTYEQYF,TRB:TGTGCCAGCAGCTTAGAACAGACTTACGAGCAGTACTTC,,
clonotype163,1,0.00016688918558077436,TRB:CASSLGHGNYGYTF;TRA:CTLAGGTSYGKLTF,TRB:TGTGCCAGCAGCTTGGGACATGGTAACTATGGCTACACCTTC;TRA:TGCACCCTCGCTGGTGGTACTAGCTATGGAAAGCTGACATTT,,
clonotype164,1,0.00016688918558077436,TRB:CASSVGQGGEKLFF;TRA:CAVLSLSGTYKYIF;TRA:CLLCGKNSGGSNYKLTF,TRB:TGTGCCAGCAGCGTAGGGCAGGGGGGCGAAAAACTGTTTTTT;TRA:TGTGCCGTGTTGAGCCTCTCAGGAACCTACAAATACATCTTT;TRA:TGTCTTCTGTGTGGGAAGAATAGTGGAGGTAGCAACTATAAACTGACATTT,,
clonotype165,1,0.00016688918558077436,TRB:CASSLIEQRYEQYF;TRA:CAVNELTGGGNKLTF,TRB:TGCGCCAGCAGCTTAATTGAACAGCGCTACGAGCAGTACTTC;TRA:TGTGCTGTGAACGAACTCACGGGAGGAGGAAACAAACTCACCTTT,,
clonotype166,1,0.00016688918558077436,TRB:CASSSRTGLLDWFF;TRA:CAPRDSNYQLIW,TRB:TGTGCCAGCAGTTCCCGGACAGGCCTCCTCGATTGGTTTTTT;TRA:TGTGCTCCGAGGGATAGCAACTATCAGTTAATCTGG,,TRB:gene
clonotype167,1,0.00016688918558077436,TRB:CASSYVGGQNIQYF;TRA:CVVNGGGADGLTF,TRB:TGTGCCAGCAGTTATGTGGGGGGACAAAACATTCAGTACTTC;TRA:TGTGTGGTGAACGGAGGAGGTGCTGACGGACTCACCTTT,,TRB:gene
clonotype168,1,0.00016688918558077436,TRB:CASTSGTGNQPQHF;TRA:CVPGGDSSYKLIF,TRB:TGTGCCAGCACCTCAGGGACGGGCAATCAGCCCCAGCATTTT;TRA:TGTGTGCCCGGGGGGGATAGCAGCTATAAATTGATCTTC,,
clonotype169,1,0.00016688918558077436,TRB:CASSRGYDTGELFF;TRA:CVVTAGGTSYGKLTF,TRB:TGCGCCAGCAGCAGAGGGTACGACACCGGGGAGCTGTTTTTT;TRA:TGTGTGGTGACAGCTGGTGGTACTAGCTATGGAAAGCTGACATTT,,
clonotype170,1,0.00016688918558077436,TRB:CASSSQGFNYGYTF;TRA:CAVNVMGAAGNKLTF,TRB:TGTGCCAGCAGTTCTCAGGGGTTTAACTATGGCTACACCTTC;TRA:TGTGCCGTGAACGTAATGGGAGCTGCAGGCAACAAGCTAACTTTT,,
clonotype171,1,0.00016688918558077436,TRB:CASSSNGLAPEQYF;TRA:CAVKDYGGSQGNLIF,TRB:TGCGCCAGCAGCTCTAATGGACTAGCCCCCGAGCAGTACTTC;TRA:TGTGCTGTGAAGGATTATGGAGGAAGCCAAGGAAATCTCATCTTT,,
clonotype172,1,0.00016688918558077436,TRB:CASRPPDGAFGYTF;TRA:CVVNRLRPGAGSYQLTF,TRB:TGTGCCAGCAGACCGCCGGACGGAGCATTTGGCTACACCTTC;TRA:TGTGTGGTGAACAGGTTGAGACCTGGGGCTGGGAGTTACCAACTCACTTTC,,TRB:gene
clonotype173,1,0.00016688918558077436,TRB:CAWSALRGLISYEQYF;TRA:CALSDSSGTYKYIF,TRB:TGTGCCTGGAGTGCTTTGCGGGGGCTTATCTCCTACGAGCAGTACTTC;TRA:TGTGCTCTGAGTGACTCTTCAGGAACCTACAAATACATCTTT,,
clonotype174,1,0.00016688918558077436,TRB:CASSYSLSNQPQHF;TRA:CAMRGSGGTSYGKLTF,TRB:TGTGCCAGCAGTTACTCACTGAGCAATCAGCCCCAGCATTTT;TRA:TGTGCAATGAGAGGCTCTGGTGGTACTAGCTATGGAAAGCTGACATTT,,TRB:gene
clonotype175,1,0.00016688918558077436,TRB:CASSVGGGLLPQHF;TRA:CAASISSGNTPLVF,TRB:TGTGCCAGCAGCGTAGGTGGGGGACTATTGCCCCAGCATTTT;TRA:TGTGCAGCGAGCATTTCTTCAGGAAACACACCTCTTGTCTTT,,
clonotype176,1,0.00016688918558077436,TRA:CAETPYNQGGKLIF,TRA:TGTGCAGAGACCCCTTATAACCAGGGAGGAAAGCTTATCTTC,,
clonotype177,1,0.00016688918558077436,TRA:CAETPYNQGGKLIF,TRA:TGTGCAGAGACCCCTTATAACCAGGGAGGAAAGCTTATCTTC,,
clonotype178,1,0.00016688918558077436,TRA:CAETPYNQGGKLIF,TRA:TGTGCAGAGACCCCTTATAACCAGGGAGGAAAGCTTATCTTC,,
clonotype179,1,0.00016688918558077436,TRA:CAARGYGGATNKLIF,TRA:TGTGCAGCAAGGGGGTATGGTGGTGCTACAAACAAGCTCATCTTT,,
clonotype180,1,0.00016688918558077436,TRA:CAARGYGGATNKLIF,TRA:TGTGCAGCAAGGGGGTATGGTGGTGCTACAAACAAGCTCATCTTT,,
clonotype181,1,0.00016688918558077436,TRB:CASRAWTASNYGYTF,TRB:TGTGCCAGTAGGGCATGGACAGCGAGTAACTATGGCTACACCTTC,,
clonotype182,1,0.00016688918558077436,TRB:CASRAWTASNYGYTF,TRB:TGTGCCAGTAGGGCATGGACAGCGAGTAACTATGGCTACACCTTC,,
clonotype183,1,0.00016688918558077436,TRB:CASSTSAEGIYGYTF,TRB:TGTGCCAGCAGTACCTCCGCGGAGGGGATCTATGGCTACACCTTC,,TRB:gene
clonotype184,1,0.00016688918558077436,TRB:CASSTSAEGIYGYTF,TRB:TGTGCCAGCAGTACCTCCGCGGAGGGGATCTATGGCTACACCTTC,,TRB:gene
clonotype185,1,0.00016688918558077436,TRB:CATARTGVMNTEAFF,TRB:TGTGCCACAGCTAGGACAGGCGTTATGAACACTGAAGCTTTCTTT,,
clonotype186,1,0.00016688918558077436,TRB:CASSGQTTGAEGYTF,TRB:TGCGCCAGCAGCGGACAAACAACAGGGGCGGAAGGCTACACCTTC,,
clonotype187,1,0.00016688918558077436,TRB:CASSPTVGSSYEQYF,TRB:TGCGCCAGCAGCCCTACGGTAGGGAGCTCCTACGAGCAGTACTTC,,
clonotype188,1,0.00016688918558077436,TRB:CASSPTVGSSYEQYF,TRB:TGCGCCAGCAGCCCTACGGTAGGGAGCTCCTACGAGCAGTACTTC,,
clonotype189,1,0.00016688918558077436,TRB:CASSQVGTTGEQYF,TRB:TGTGCCAGCAGCCAAGTGGGAACCACGGGCGAGCAGTACTTC,,
clonotype190,1,0.00016688918558077436,TRB:CASSQVGTTGEQYF,TRB:TGTGCCAGCAGCCAAGTGGGAACCACGGGCGAGCAGTACTTC,,
clonotype191,1,0.00016688918558077436,TRB:CASSQVGTTGEQYF,TRB:TGTGCCAGCAGCCAAGTGGGAACCACGGGCGAGCAGTACTTC,,
clonotype192,1,0.00016688918558077436,TRA:CAMREGDNQFYF,TRA:TGTGCAATGAGAGAGGGCGATAACCAGTTCTATTTT,,
clonotype193,1,0.00016688918558077436,TRB:CASSDRVVGANVLTF;TRA:CAFGGYQKVTF,TRB:TGTGCCAGCAGTGACAGGGTGGTTGGGGCCAACGTCCTGACTTTC;TRA:TGTGCTTTTGGGGGTTACCAGAAAGTTACCTTT,,
clonotype194,1,0.00016688918558077436,TRB:CASTTTDRGKTEAFF;TRA:CAATSELTGGGNKLTF;TRA:CAVRGSDYKLSF,TRB:TGTGCCAGCACCACTACCGACAGGGGTAAGACTGAAGCTTTCTTT;TRA:TGTGCAGCAACGTCGGAACTCACGGGAGGAGGAAACAAACTCACCTTT;TRA:TGTGCTGTGAGAGGGAGCGACTACAAGCTCAGCTTT,,TRA:gene
clonotype195,1,0.00016688918558077436,TRB:CASSFGTGHSYEQYF;TRA:CIVRANSGGYQKVTF,TRB:TGTGCCAGTAGTTTCGGGACAGGCCACTCCTACGAGCAGTACTTC;TRA:TGCATCGTCAGGGCCAATTCTGGGGGTTACCAGAAAGTTACCTTT,,
clonotype196,1,0.00016688918558077436,TRB:CASSLHRGTGTEAFF;TRA:CAGHVSNDYKLSF,TRB:TGTGCCAGCAGTTTGCACAGGGGTACGGGCACTGAAGCTTTCTTT;TRA:TGTGCAGGACACGTCTCTAACGACTACAAGCTCAGCTTT,,TRB:gene
clonotype197,1,0.00016688918558077436,TRB:CSASGTGGFSGNQPQHF;TRA:CAVGSNYQLIW,TRB:TGCAGTGCTTCCGGGACAGGGGGATTTTCGGGCAATCAGCCCCAGCATTTT;TRA:TGTGCTGTGGGAAGCAACTATCAGTTAATCTGG,,TRB:gene
clonotype198,1,0.00016688918558077436,TRB:CASSIRRGYQETQYF;TRA:CAMTVDYKLSF,TRB:TGTGCCAGTAGTATCCGGCGGGGGTACCAAGAGACCCAGTACTTC;TRA:TGTGCAATGACCGTCGACTACAAGCTCAGCTTT,,
clonotype199,1,0.00016688918558077436,TRB:CASSQDRLDGYGYTF;TRA:CAVTSGSARQLTF,TRB:TGCGCCAGCAGCCAAGATCGATTGGACGGCTATGGCTACACCTTC;TRA:TGTGCTGTCACCTCTGGTTCTGCAAGGCAACTGACCTTT,,
clonotype200,1,0.00016688918558077436,TRB:CASSFERIQETQYF;TRA:CAGYSGGGADGLTF;TRA:CAMKWGAGKSTF,TRB:TGTGCCAGCAGTTTCGAGAGGATCCAAGAGACCCAGTACTTC;TRA:TGTGCCGGGTATTCAGGAGGAGGTGCTGACGGACTCACCTTT;TRA:TGTGCAATGAAGTGGGGCGCAGGCAAATCAACCTTT,,
clonotype201,1,0.00016688918558077436,TRB:CASRRGTGFNQPQHF;TRA:CAMSLVVSNFGNEKLTF;TRA:CAVSDPYNSNYQLIW,TRB:TGTGCCAGCAGGCGGGGGACAGGGTTCAATCAGCCCCAGCATTTT;TRA:TGTGCAATGAGCCTCGTTGTATCTAACTTTGGAAATGAGAAATTAACCTTT;TRA:TGTGCTGTGAGTGATCCATATAATAGCAACTATCAGTTAATCTGG,,TRB:gene
clonotype202,1,0.00016688918558077436,TRB:CASSQDRAITGELFF;TRA:CALSDPARDSSYKLIF,TRB:TGCGCCAGCAGCCAAGATCGAGCTATCACCGGGGAGCTGTTTTTT;TRA:TGTGCTCTGAGTGATCCCGCTCGGGATAGCAGCTATAAATTGATCTTC,,
clonotype203,1,0.00016688918558077436,TRB:CASSLDSSTNEKLFF;TRA:CAMREVRINDYKLSF,TRB:TGTGCCAGCAGCTTGGACAGTTCAACTAATGAAAAACTGTTTTTT;TRA:TGTGCAATGAGAGAGGTCAGGATAAACGACTACAAGCTCAGCTTT,,TRB:gene
clonotype204,1,0.00016688918558077436,TRB:CASSQGTGHHYEQYF;TRA:CAFPNYGGSQGNLIF,TRB:TGTGCCAGCAGCCAAGGCACCGGGCATCATTACGAGCAGTACTTC;TRA:TGTGCTTTCCCGAATTATGGAGGAAGCCAAGGAAATCTCATCTTT,,
clonotype205,1,0.00016688918558077436,TRB:CASSLESLHYGYTF;TRA:CAASDGAGNTPLVF,TRB:TGTGCCAGCAGCTTAGAAAGCCTGCACTATGGCTACACCTTC;TRA:TGTGCAGCAAGCGACGGGGCAGGAAACACACCTCTTGTCTTT,,
clonotype206,1,0.00016688918558077436,TRB:CASSEGTGNGYEQYF,TRB:TGTGCCAGCAGTGAAGGGACAGGTAACGGGTACGAGCAGTACTTC,,
clonotype207,1,0.00016688918558077436,TRB:CASIGAGGHFDEQFF,TRB:TGTGCCAGCATCGGAGCGGGGGGGCATTTTGATGAGCAGTTCTTC,,
clonotype208,1,0.00016688918558077436,TRB:CASIGAGGHFDEQFF,TRB:TGTGCCAGCATCGGAGCGGGGGGGCATTTTGATGAGCAGTTCTTC,,
clonotype209,1,0.00016688918558077436,TRB:CASIGAGGHFDEQFF,TRB:TGTGCCAGCATCGGAGCGGGGGGGCATTTTGATGAGCAGTTCTTC,,
clonotype210,1,0.00016688918558077436,TRB:CASSPLAGEYNEQFF,TRB:TGTGCCAGCAGCCCACTAGCGGGGGAGTACAATGAGCAGTTCTTC,,
clonotype211,1,0.00016688918558077436,TRB:CASSPLAGEYNEQFF,TRB:TGTGCCAGCAGCCCACTAGCGGGGGAGTACAATGAGCAGTTCTTC,,
clonotype212,1,0.00016688918558077436,TRB:CASSPLAGEYNEQFF,TRB:TGTGCCAGCAGCCCACTAGCGGGGGAGTACAATGAGCAGTTCTTC,,
clonotype213,1,0.00016688918558077436,TRB:CASSPLAGEYNEQFF,TRB:TGTGCCAGCAGCCCACTAGCGGGGGAGTACAATGAGCAGTTCTTC,,
clonotype214,1,0.00016688918558077436,TRB:CASSQEVGSSYEQYF,TRB:TGTGCCAGCAGCCAAGAGGTCGGCAGTTCCTACGAGCAGTACTTC,,
clonotype215,1,0.00016688918558077436,TRB:CASSQEVGSSYEQYF,TRB:TGTGCCAGCAGCCAAGAGGTCGGCAGTTCCTACGAGCAGTACTTC,,
clonotype216,1,0.00016688918558077436,TRB:CASSQEVGSSYEQYF,TRB:TGTGCCAGCAGCCAAGAGGTCGGCAGTTCCTACGAGCAGTACTTC,,
clonotype217,1,0.00016688918558077436,TRB:CASSQEVGSSYEQYF,TRB:TGTGCCAGCAGCCAAGAGGTCGGCAGTTCCTACGAGCAGTACTTC,,
clonotype218,1,0.00016688918558077436,TRB:CASSQEVGSSYEQYF,TRB:TGTGCCAGCAGCCAAGAGGTCGGCAGTTCCTACGAGCAGTACTTC,,
clonotype219,1,0.00016688918558077436,TRB:CASSLSIGDGIYGYTF;TRA:CATLGNDYKLSF,TRB:TGTGCCAGCAGTTTATCGATTGGGGACGGCATCTATGGCTACACCTTC;TRA:TGTGCTACTCTAGGCAACGACTACAAGCTCAGCTTT,,
clonotype220,1,0.00016688918558077436,TRB:CASSEWGTGANEKLFF;TRA:CAVYDAGNNRKLIW,TRB:TGTGCCAGCAGTGAATGGGGCACAGGGGCTAATGAAAAACTGTTTTTT;TRA:TGTGCTGTGTATGATGCTGGCAACAACCGTAAGCTGATTTGG,TRB:gene,
clonotype221,1,0.00016688918558077436,TRB:CASSDVETGDQPQHF;TRA:CASSTDSWGKLQF;TRA:CGTEMIPNNNAGNMLTF,TRB:TGTGCCAGCAGTGATGTTGAGACAGGTGATCAGCCCCAGCATTTT;TRA:TGTGCATCCTCAACTGACAGCTGGGGGAAATTGCAGTTT;TRA:TGCGGCACAGAGATGATCCCCAATAATAATGCAGGCAACATGCTCACCTTT,,
clonotype222,1,0.00016688918558077436,TRB:CASSQISGEYNEQFF;TRA:CATALARYGNNRLAF,TRB:TGTGCCAGCAGCCAAATTAGCGGGGAGTACAATGAGCAGTTCTTC;TRA:TGTGCTACGGCCTTGGCCCGCTATGGGAACAACAGACTCGCTTTT,,
clonotype223,1,0.00016688918558077436,TRB:CASSFLAGEAYEQYF;TRA:CAAESSPGTGRRALTF,TRB:TGTGCCAGCAGTTTCTTAGCGGGGGAAGCCTACGAGCAGTACTTC;TRA:TGTGCAGCAGAATCTTCCCCGGGAACGGGCAGGAGAGCACTTACTTTT,,
clonotype224,1,0.00016688918558077436,TRA:CAYRSALGGNQFYF,TRA:TGTGCTTATAGGAGCGCGCTCGGCGGTAACCAGTTCTATTTT,,
clonotype225,1,0.00016688918558077436,TRB:CASSVVGQRGGTDTQYF,TRB:TGTGCCAGCAGCGTAGTCGGGCAGCGGGGGGGTACGGATACGCAGTATTTT,,
clonotype226,1,0.00016688918558077436,TRB:CASSLITGASTDTQYF;TRA:CLLGDDGGSQGNLIF,TRB:TGTGCCAGCAGCTTAATAACGGGGGCTAGCACAGATACGCAGTATTTT;TRA:TGTCTTCTGGGAGATGATGGGGGAAGCCAAGGAAATCTCATCTTT,,
clonotype227,1,0.00016688918558077436,TRB:CASSQLYGGGQQNIQYF;TRA:CVVGTTSGTYKYIF,TRB:TGCGCCAGCAGCCAGCTTTACGGTGGGGGGCAGCAAAACATTCAGTACTTC;TRA:TGTGTGGTGGGGACGACCTCAGGAACCTACAAATACATCTTT,,
clonotype228,1,0.00016688918558077436,TRB:CASSLVAGGPIDTQYF;TRA:CAVGGEQGAQKLVF,TRB:TGTGCCAGCAGCTTAGTTGCGGGGGGGCCAATAGATACGCAGTATTTT;TRA:TGTGCTGTGGGTGGGGAACAGGGAGCCCAGAAGCTGGTATTT,,
clonotype229,1,0.00016688918558077436,TRB:CASSAGLAGDLSETQYF;TRA:CAETGNNAGNMLTF,TRB:TGTGCCAGCAGCGCGGGACTAGCGGGGGATCTATCAGAGACCCAGTACTTC;TRA:TGTGCAGAGACCGGTAATAATGCAGGCAACATGCTCACCTTT,,
clonotype230,1,0.00016688918558077436,TRB:CASSSAFRQGLDYGYTF;TRA:CAFMLLRGGSEKLVF,TRB:TGTGCCAGCAGTTCCGCCTTCCGACAGGGATTGGACTATGGCTACACCTTC;TRA:TGTGCTTTCATGCTTCTACGGGGCGGATCTGAAAAGCTGGTCTTT,,
clonotype231,1,0.00016688918558077436,TRB:CASSPKVGGRRTDTQYF,TRB:TGTGCCAGCAGTCCAAAGGTGGGGGGACGCCGCACAGATACGCAGTATTTT,,
clonotype232,1,0.00016688918558077436,TRB:CASSPKVGGRRTDTQYF,TRB:TGTGCCAGCAGTCCAAAGGTGGGGGGACGCCGCACAGATACGCAGTATTTT,,
clonotype233,1,0.00016688918558077436,TRB:CASSQGTSGVSTYNEQFF;TRA:CALAGGTSYGKLTF,TRB:TGCGCCAGCAGCCAAGGGACTAGCGGGGTTTCCACCTACAATGAGCAGTTCTTC;TRA:TGTGCCTTAGCTGGTGGTACTAGCTATGGAAAGCTGACATTT,,
clonotype234,1,0.00016688918558077436,TRB:CASSPVGGQETQYF;TRA:CVVSVLTDKLIF,TRB:TGTGCCAGCAGCCCAGTGGGGGGGCAAGAGACCCAGTACTTC;TRA:TGTGTTGTGAGTGTTCTCACCGACAAGCTCATCTTT,,
clonotype235,1,0.00016688918558077436,TRA:CAASEKTSYDKVIF,TRA:TGTGCAGCAAGCGAAAAAACCTCCTACGACAAGGTGATATTT,,
clonotype236,1,0.00016688918558077436,TRA:CAASEKTSYDKVIF,TRA:TGTGCAGCAAGCGAAAAAACCTCCTACGACAAGGTGATATTT,,
clonotype237,1,0.00016688918558077436,TRB:CASSQVRPGLAGDSSTDTQYF;TRA:CAMREGRVYNQGGKLIF,TRB:TGCGCCAGCAGCCAAGTAAGGCCAGGACTAGCGGGGGACTCTAGCACAGATACGCAGTATTTT;TRA:TGTGCAATGAGAGAGGGCCGGGTTTATAACCAGGGAGGAAAGCTTATCTTC,,
clonotype238,1,0.00016688918558077436,TRB:CASSFRYTEAFF;TRA:CASSEGGGSQGNLIF,TRB:TGTGCCAGCAGCTTCCGGTACACTGAAGCTTTCTTT;TRA:TGTGCTTCCTCTGAGGGTGGAGGAAGCCAAGGAAATCTCATCTTT,,
clonotype239,1,0.00016688918558077436,TRB:CASSSQGAWVDTQYF;TRA:CAGGTQGGSEKLVF,TRB:TGTGCCAGCAGCTCACAGGGGGCTTGGGTGGATACGCAGTATTTT;TRA:TGTGCTGGGGGCACTCAGGGCGGATCTGAAAAGCTGGTCTTT,,
