Sample	Chain	ClusterID	Total_Count	PCT_Total_Count	Unique_Count	PCT_Total_Count	Richest_CDR3_Seq	Richest_CDR3_Length
IL15REP-2	TRA	Cluster37	50004	35.68	1	2.33	CAVRSLRRF	9
IL15REP-2	TRA	Cluster33	37814	26.98	1	2.33	CVVTYTGKLIF	11
IL15REP-2	TRA	Cluster30	16655	11.88	1	2.33	CAMRDGNNRLAF	12
IL15REP-2	TRA	Cluster9	7686	5.48	1	2.33	CGTEIRAAGNKLTF	14
IL15REP-2	TRA	Cluster17	7022	5.01	2	4.65	CAENTGGGNKLTF	13
IL15REP-2	TRA	Cluster2	1723	1.23	2	4.65	CAVDQTGANNLFF	13
IL15REP-2	TRA	Cluster6	1605	1.15	2	4.65	CAVPLDSSYKLIF	13
IL15REP-2	TRA	Cluster18	1363	0.97	1	2.33	CVVRKTGANNLFF	13
IL15REP-2	TRA	Cluster19	1123	0.80	1	2.33	CAVISGSARQLTF	13
IL15REP-2	TRA	Cluster20	1102	0.79	1	2.33	CAFLNSGNTPLVF	13
IL15REP-2	TRA	Cluster10	1085	0.77	2	4.65	CAVRPTDSWGKLQF	14
IL15REP-2	TRA	Cluster36	955	0.68	1	2.33	CAASEEKLVF	10
IL15REP-2	TRA	Cluster11	788	0.56	1	2.33	CAASQNQAGTALIF	14
IL15REP-2	TRA	Cluster0	786	0.56	1	2.33	CAVQAGWDSGNTPLVF	16
IL15REP-2	TRA	Cluster21	725	0.52	1	2.33	CATGAQGNNRLAF	13
IL15REP-2	TRA	Cluster3	653	0.47	1	2.33	CAVEVLLYNFNKFYF	15
IL15REP-2	TRA	Cluster4	640	0.46	1	2.33	CIVRGLYNQGGKLIF	15
IL15REP-2	TRA	Cluster34	599	0.43	1	2.33	CFHSGNTPLVF	11
IL15REP-2	TRA	Cluster22	547	0.39	1	2.33	CAPGGGNDYKLSF	13
IL15REP-2	TRA	Cluster1	534	0.38	1	2.33	CAVRRISNFGNEKLTF	16
IL15REP	TRA	Cluster12	13	39.39	1	7.69	CAVRSLRRF	9
IL15REP	TRA	Cluster10	6	18.18	1	7.69	CVVTYTGKLIF	11
IL15REP	TRA	Cluster3	2	6.06	1	7.69	CAENTGGGNKLTF	13
IL15REP	TRA	Cluster9	2	6.06	1	7.69	CAMRDGNNRLAF	12
IL15REP	TRA	Cluster4	2	6.06	1	7.69	CVVRKTGANNLFF	13
IL15REP	TRA	Cluster6	1	3.03	1	7.69	CAVQGNRDDKIIF	13
IL15REP	TRA	Cluster11	1	3.03	1	7.69	CAASEEKLVF	10
IL15REP	TRA	Cluster7	1	3.03	1	7.69	CVGRSAGYSTLTF	13
IL15REP	TRA	Cluster2	1	3.03	1	7.69	CVVPAGGSARQLTF	14
IL15REP	TRA	Cluster8	1	3.03	1	7.69	CALERGSNNRIFF	13
IL15REP	TRA	Cluster1	1	3.03	1	7.69	CGTEIRAAGNKLTF	14
IL15REP	TRA	Cluster0	1	3.03	1	7.69	CAASGEGGGADGLTF	15
IL15REP	TRA	Cluster5	1	3.03	1	7.69	CAVSNYNTDKLIF	13
IL15REP-RL1-2	TRB	Cluster27	324833	49.58	1	2.86	CASAGGTDTQYF	12
IL15REP-RL1-2	TRB	Cluster2	218427	33.34	1	2.86	CASSEWSKGLQETQYF	16
IL15REP-RL1-2	TRB	Cluster0	11741	1.79	1	2.86	CATSDPGTGDSYNSPLHF	18
IL15REP-RL1-2	TRB	Cluster14	10252	1.56	1	2.86	CASSLTGDPYGYTF	14
IL15REP-RL1-2	TRB	Cluster6	9251	1.41	2	5.71	CASSQEVGSSYEQYF	15
IL15REP-RL1-2	TRB	Cluster20	8165	1.25	1	2.86	CASSFGTGYGYTF	13
IL15REP-RL1-2	TRB	Cluster3	7846	1.20	1	2.86	CASSPLWGGSSYGYTF	16
IL15REP-RL1-2	TRB	Cluster21	6131	0.94	1	2.86	CASSPDSADEQFF	13
IL15REP-RL1-2	TRB	Cluster4	5928	0.90	1	2.86	CASSPASTVYNEKLFF	16
IL15REP-RL1-2	TRB	Cluster15	4667	0.71	2	5.71	CASSPGQGNTEAFF	14
IL15REP-RL1-2	TRB	Cluster8	4617	0.70	2	5.71	CASSQDLGSAYEQYF	15
IL15REP-RL1-2	TRB	Cluster7	4136	0.63	1	2.86	CASSPLAGEYNEQFF	15
IL15REP-RL1-2	TRB	Cluster22	4050	0.62	1	2.86	CATSEGPSYEQYF	13
IL15REP-RL1-2	TRB	Cluster23	2887	0.44	1	2.86	CASSLEQTYEQYF	13
IL15REP-RL1-2	TRB	Cluster24	2767	0.42	1	2.86	CASSFEENTEAFF	13
IL15REP-RL1-2	TRB	Cluster9	2570	0.39	1	2.86	CASIGAGGHFDEQFF	15
IL15REP-RL1-2	TRB	Cluster28	2485	0.38	1	2.86	CASSLNSGEQYF	12
IL15REP-RL1-2	TRB	Cluster16	2011	0.31	1	2.86	CASSQVGTTGEQYF	14
IL15REP-RL1-2	TRB	Cluster1	1936	0.30	1	2.86	CASSLDGDTGGAWETQYF	18
IL15REP-RL1-2	TRB	Cluster17	1919	0.29	1	2.86	CASSLTSAAGELFF	14
